<?xml version="1.0" encoding="UTF-8" standalone="no"?>
								<twm_bol><identification_segment><registry_number>XA132A</registry_number><date>18/08/2021</date><bol_reference>MEDUJ3441048</bol_reference><Customs_office_segment>
        					<Code>01TC</Code>
        				</Customs_office_segment></identification_segment><bol_specific_segment><line_number>7</line_number><Bol_nature>23</Bol_nature><master_bol>
						<customs_office_code>XXX</customs_office_code>
						<registry_number>XXX</registry_number>
						<date_of_departure />
						<master_bol_reference>XXX</master_bol_reference>
					</master_bol><unique_carrier_reference>AGENT-BP000638</unique_carrier_reference>
        			<total_number_of_containers>20</total_number_of_containers>
        			<total_gross_mass_manifested>7</total_gross_mass_manifested>
        			<volume_in_cubic_meters>402080.00</volume_in_cubic_meters><bol_type_segment>
						<code></code>
					</bol_type_segment>
					<exporter_segment>
						<code /><name></name>
						<address></address>
					</exporter_segment>
					<consignee_segment>
						<code /><name></name>
						<address></address>
					</consignee_segment>
					<notify_segment>
						<code /><name></name>
						<address></address>
					</notify_segment>
					<place_of_loading>
						<code>IDBLW</code>
					</place_of_loading>
					<Place_of_unloading>
						<destport_code>IDBLW</destport_code>
							<terminal_operator>
							<terminalop_berthcode>OPERA-BP000038</terminalop_berthcode>
							</terminal_operator>
					</Place_of_unloading><freight_segment>
						<bol_freight_cost />
						<currency></currency>
						<indicator_segment />
					</freight_segment>
					<packages_segment>
						<package_type_code></package_type_code>
						<number_of_packages></number_of_packages>
						<cargo_class_segment>
							<cargo_code></cargo_code>
							<cargo_qty></cargo_qty>
							<cargo_uom></cargo_uom>
							<cargo_freight />
						</cargo_class_segment>
						<shipping_marks/>
						<goods_description>CFR APAPA LAGOS NIGERIA SO DIUM SALT OF PALMITIC ACID FOR INDUSTRIAL USE ONLY A S PER PROFORMA INVOICE CAB AL\/DIL\/PF\/040\/2021 DATED 1 8\/03\/2021 LC NO. CMB202101 94U FORM M NO.</goods_description>
					</packages_segment>
					<customs_segment>
						<value />
						<currency />
					</customs_segment>
					<transport_segment>
						<value />
						<currency />
					</transport_segment>
					<insurance_segment>
						<value />
						<currency />
					</insurance_segment>
					<seals_segment>
						<number_of_seals></number_of_seals>
						<mark_of_seals></mark_of_seals>
						<sealing_party_code></sealing_party_code>
						<Information_part_a></Information_part_a>
					</seals_segment>
					<operations_segment>
						<location_segment>
							<code></code>
							<information />
						</location_segment>
					</operations_segment><container>
            				<reference>GLDU2182728</reference>
            				<number>1</number>
            				<type>20DV</type>
            				<Empty_full>1/1</Empty_full>
            				<seals>FJ10859898</seals>
            				<mark1></mark1>
        					<mark2 />
            				<sealing_party></sealing_party>
							<cargo_class_segment>
								<cargo_code>DCBA20CL</cargo_code>
								<cargo_freight></cargo_freight>
							</cargo_class_segment>
						</container>
						<container>
            				<reference>TTNU2140437</reference>
            				<number>1</number>
            				<type>20DV</type>
            				<Empty_full>1/1</Empty_full>
            				<seals>FJ10859907</seals>
            				<mark1></mark1>
        					<mark2 />
            				<sealing_party></sealing_party>
							<cargo_class_segment>
								<cargo_code>DCBA20CL</cargo_code>
								<cargo_freight></cargo_freight>
							</cargo_class_segment>
						</container>
						<container>
            				<reference>TRHU1561875</reference>
            				<number>1</number>
            				<type>20DV</type>
            				<Empty_full>1/1</Empty_full>
            				<seals>FJ10859909</seals>
            				<mark1></mark1>
        					<mark2 />
            				<sealing_party></sealing_party>
							<cargo_class_segment>
								<cargo_code>DCBA20CL</cargo_code>
								<cargo_freight></cargo_freight>
							</cargo_class_segment>
						</container>
						<container>
            				<reference>MEDU5045525</reference>
            				<number>1</number>
            				<type>20DV</type>
            				<Empty_full>1/1</Empty_full>
            				<seals>FJ10859908</seals>
            				<mark1></mark1>
        					<mark2 />
            				<sealing_party></sealing_party>
							<cargo_class_segment>
								<cargo_code>DCBA20CL</cargo_code>
								<cargo_freight></cargo_freight>
							</cargo_class_segment>
						</container>
						<container>
            				<reference>MEDU5847048</reference>
            				<number>1</number>
            				<type>20DV</type>
            				<Empty_full>1/1</Empty_full>
            				<seals>FJ10859910</seals>
            				<mark1></mark1>
        					<mark2 />
            				<sealing_party></sealing_party>
							<cargo_class_segment>
								<cargo_code>DCBA20CL</cargo_code>
								<cargo_freight></cargo_freight>
							</cargo_class_segment>
						</container>
						<container>
            				<reference>TEMU3572622</reference>
            				<number>1</number>
            				<type>20DV</type>
            				<Empty_full>1/1</Empty_full>
            				<seals>FJ10859911</seals>
            				<mark1></mark1>
        					<mark2 />
            				<sealing_party></sealing_party>
							<cargo_class_segment>
								<cargo_code>DCBA20CL</cargo_code>
								<cargo_freight></cargo_freight>
							</cargo_class_segment>
						</container>
						<container>
            				<reference>BMOU2610175</reference>
            				<number>1</number>
            				<type>20DV</type>
            				<Empty_full>1/1</Empty_full>
            				<seals>FJ10859912</seals>
            				<mark1></mark1>
        					<mark2 />
            				<sealing_party></sealing_party>
							<cargo_class_segment>
								<cargo_code>DCBA20CL</cargo_code>
								<cargo_freight></cargo_freight>
							</cargo_class_segment>
						</container>
						<container>
            				<reference>CAIU6143443</reference>
            				<number>1</number>
            				<type>20DV</type>
            				<Empty_full>1/1</Empty_full>
            				<seals>FJ10859913</seals>
            				<mark1></mark1>
        					<mark2 />
            				<sealing_party></sealing_party>
							<cargo_class_segment>
								<cargo_code>DCBA20CL</cargo_code>
								<cargo_freight></cargo_freight>
							</cargo_class_segment>
						</container>
						<container>
            				<reference>MEDU3380397</reference>
            				<number>1</number>
            				<type>20DV</type>
            				<Empty_full>1/1</Empty_full>
            				<seals>FJ10859914</seals>
            				<mark1></mark1>
        					<mark2 />
            				<sealing_party></sealing_party>
							<cargo_class_segment>
								<cargo_code>DCBA20CL</cargo_code>
								<cargo_freight></cargo_freight>
							</cargo_class_segment>
						</container>
						<container>
            				<reference>TRLU8801092</reference>
            				<number>1</number>
            				<type>20DV</type>
            				<Empty_full>1/1</Empty_full>
            				<seals>FJ10859916</seals>
            				<mark1></mark1>
        					<mark2 />
            				<sealing_party></sealing_party>
							<cargo_class_segment>
								<cargo_code>DCBA20CL</cargo_code>
								<cargo_freight></cargo_freight>
							</cargo_class_segment>
						</container>
						<container>
            				<reference>FSCU3765116</reference>
            				<number>1</number>
            				<type>20DV</type>
            				<Empty_full>1/1</Empty_full>
            				<seals>FJ10859899</seals>
            				<mark1></mark1>
        					<mark2 />
            				<sealing_party></sealing_party>
							<cargo_class_segment>
								<cargo_code>DCBA20CL</cargo_code>
								<cargo_freight></cargo_freight>
							</cargo_class_segment>
						</container>
						<container>
            				<reference>MEDU2303539</reference>
            				<number>1</number>
            				<type>20DV</type>
            				<Empty_full>1/1</Empty_full>
            				<seals>FJ10859915</seals>
            				<mark1></mark1>
        					<mark2 />
            				<sealing_party></sealing_party>
							<cargo_class_segment>
								<cargo_code>DCBA20CL</cargo_code>
								<cargo_freight></cargo_freight>
							</cargo_class_segment>
						</container>
						<container>
            				<reference>CXDU1456758</reference>
            				<number>1</number>
            				<type>20DV</type>
            				<Empty_full>1/1</Empty_full>
            				<seals>FJ10859917</seals>
            				<mark1></mark1>
        					<mark2 />
            				<sealing_party></sealing_party>
							<cargo_class_segment>
								<cargo_code>DCBA20CL</cargo_code>
								<cargo_freight></cargo_freight>
							</cargo_class_segment>
						</container>
						<container>
            				<reference>GLDU3951323</reference>
            				<number>1</number>
            				<type>20DV</type>
            				<Empty_full>1/1</Empty_full>
            				<seals>FJ10859900</seals>
            				<mark1></mark1>
        					<mark2 />
            				<sealing_party></sealing_party>
							<cargo_class_segment>
								<cargo_code>DCBA20CL</cargo_code>
								<cargo_freight></cargo_freight>
							</cargo_class_segment>
						</container>
						<container>
            				<reference>MEDU3875890</reference>
            				<number>1</number>
            				<type>20DV</type>
            				<Empty_full>1/1</Empty_full>
            				<seals>FJ10859901</seals>
            				<mark1></mark1>
        					<mark2 />
            				<sealing_party></sealing_party>
							<cargo_class_segment>
								<cargo_code>DCBA20CL</cargo_code>
								<cargo_freight></cargo_freight>
							</cargo_class_segment>
						</container>
						<container>
            				<reference>TCLU2725268</reference>
            				<number>1</number>
            				<type>20DV</type>
            				<Empty_full>1/1</Empty_full>
            				<seals>FJ10859902</seals>
            				<mark1></mark1>
        					<mark2 />
            				<sealing_party></sealing_party>
							<cargo_class_segment>
								<cargo_code>DCBA20CL</cargo_code>
								<cargo_freight></cargo_freight>
							</cargo_class_segment>
						</container>
						<container>
            				<reference>MEDU6117677</reference>
            				<number>1</number>
            				<type>20DV</type>
            				<Empty_full>1/1</Empty_full>
            				<seals>FJ10859903</seals>
            				<mark1></mark1>
        					<mark2 />
            				<sealing_party></sealing_party>
							<cargo_class_segment>
								<cargo_code>DCBA20CL</cargo_code>
								<cargo_freight></cargo_freight>
							</cargo_class_segment>
						</container>
						<container>
            				<reference>MEDU6265680</reference>
            				<number>1</number>
            				<type>20DV</type>
            				<Empty_full>1/1</Empty_full>
            				<seals>FJ10859904</seals>
            				<mark1></mark1>
        					<mark2 />
            				<sealing_party></sealing_party>
							<cargo_class_segment>
								<cargo_code>DCBA20CL</cargo_code>
								<cargo_freight></cargo_freight>
							</cargo_class_segment>
						</container>
						<container>
            				<reference>CAIU3823365</reference>
            				<number>1</number>
            				<type>20DV</type>
            				<Empty_full>1/1</Empty_full>
            				<seals>FJ10859905</seals>
            				<mark1></mark1>
        					<mark2 />
            				<sealing_party></sealing_party>
							<cargo_class_segment>
								<cargo_code>DCBA20CL</cargo_code>
								<cargo_freight></cargo_freight>
							</cargo_class_segment>
						</container>
						<container>
            				<reference>MEDU1172943</reference>
            				<number>1</number>
            				<type>20DV</type>
            				<Empty_full>1/1</Empty_full>
            				<seals>FJ10859906</seals>
            				<mark1></mark1>
        					<mark2 />
            				<sealing_party></sealing_party>
							<cargo_class_segment>
								<cargo_code>DCBA20CL</cargo_code>
								<cargo_freight></cargo_freight>
							</cargo_class_segment>
						</container>
						</bol_specific_segment>
		</twm_bol>