﻿<?xml version="1.0" encoding="utf-8"?><TWM_BOL><Identification_segment><Registry_number>NY137R</Registry_number><Date>2021-09-20</Date><Bol_reference>MEDULG243727</Bol_reference><Customs_office_segment><Code>01TC</Code></Customs_office_segment></Identification_segment><Bol_specific_segment><Line_number>7</Line_number><Previous_document_reference /><Bol_Nature>22</Bol_Nature><Unique_carrier_reference /><Total_number_of_containers>4</Total_number_of_containers><Total_gross_mass_manifested>92000.00</Total_gross_mass_manifested><Volume_in_cubic_meters>0.01</Volume_in_cubic_meters><Bol_type_segment><Code>BL</Code></Bol_type_segment><Exporter_segment><Code /><Name>SAACOTAD NIGERIA LTD</Name><Address>5 olusoji idowu street ilupeju</Address></Exporter_segment><Consignee_segment><Code /><Name>EXCARBRI S.L</Name><Address>CTRA-VALVERDE OLIVENZA, KM2</Address></Consignee_segment><Notify_segment><Code /><Name>TRANSITEX - TRANSITOS DE EXTREMADUR</Name><Address>Edificio Liscont Terminal de Contentores Alcantara Sul, Doca Norte Lisboa</Address></Notify_segment><Place_of_loading_segment><Code>NGTIN</Code></Place_of_loading_segment><Place_of_unloading_segment><Code>PTSIE</Code></Place_of_unloading_segment><Packages_segment><Package_type_code>VR</Package_type_code><Number_of_packages>4</Number_of_packages></Packages_segment><Goods_description>Wood charcoal (including shell or nut charcoal), whether or not agglomerated</Goods_description><Freight_segment><Value /><Currency /><Indicator_segment><Code /></Indicator_segment></Freight_segment><Customs_segment><Value /><Currency /></Customs_segment><Transport_segment><Value /><Currency /></Transport_segment><Insurance_segment><Value /><Currency /></Insurance_segment><Seals_segment><Number_of_seals /><Marks_of_seals /><Sealing_party_code /></Seals_segment><Information_part_a /><Operations_segment><Location_segment><Code /><Information /></Location_segment></Operations_segment></Bol_specific_segment><Container><Reference>DFSU6463475</Reference><Number /><Type>40HC</Type><Empty_full /><Seals>EU21374952</Seals><Marks1 /><Marks2 /><Sealing_party /></Container><Container><Reference>TEMU6233026</Reference><Number /><Type>40HC</Type><Empty_full /><Seals>EU21374959</Seals><Marks1 /><Marks2 /><Sealing_party /></Container><Container><Reference>MSDU7226073</Reference><Number /><Type>40HC</Type><Empty_full /><Seals>EU21374958</Seals><Marks1 /><Marks2 /><Sealing_party /></Container><Container><Reference>CAIU4584882</Reference><Number /><Type>40HC</Type><Empty_full /><Seals>EU21374954</Seals><Marks1 /><Marks2 /><Sealing_party /></Container></TWM_BOL>