﻿<?xml version="1.0" encoding="utf-8"?><TWM_BOL><Identification_segment><Registry_number>NY137R</Registry_number><Date>2021-09-20</Date><Bol_reference>MEDULG243602</Bol_reference><Customs_office_segment><Code>01TC</Code></Customs_office_segment></Identification_segment><Bol_specific_segment><Line_number>6</Line_number><Previous_document_reference /><Bol_Nature>22</Bol_Nature><Unique_carrier_reference /><Total_number_of_containers>5</Total_number_of_containers><Total_gross_mass_manifested>115000.00</Total_gross_mass_manifested><Volume_in_cubic_meters>0.01</Volume_in_cubic_meters><Bol_type_segment><Code>BL</Code></Bol_type_segment><Exporter_segment><Code /><Name>ORLEEZON INVESTMENT LIMITED</Name><Address>22 ROAD A-CLOSE BLOCK 2 SUITE 9 FESTAC TOWN</Address></Exporter_segment><Consignee_segment><Code /><Name>CARBOCOA SL</Name><Address>Av Roma 107 1 A and entlo D</Address></Consignee_segment><Notify_segment><Code /><Name>CARBOCOA SL</Name><Address>Av Roma 107 1 A and entlo D</Address></Notify_segment><Place_of_loading_segment><Code>NGTIN</Code></Place_of_loading_segment><Place_of_unloading_segment><Code>PTSIE</Code></Place_of_unloading_segment><Packages_segment><Package_type_code>VR</Package_type_code><Number_of_packages>5</Number_of_packages></Packages_segment><Goods_description>Wood charcoal (including shell or nut charcoal), whether or not agglomerated</Goods_description><Freight_segment><Value /><Currency /><Indicator_segment><Code /></Indicator_segment></Freight_segment><Customs_segment><Value /><Currency /></Customs_segment><Transport_segment><Value /><Currency /></Transport_segment><Insurance_segment><Value /><Currency /></Insurance_segment><Seals_segment><Number_of_seals /><Marks_of_seals /><Sealing_party_code /></Seals_segment><Information_part_a /><Operations_segment><Location_segment><Code /><Information /></Location_segment></Operations_segment></Bol_specific_segment><Container><Reference>CAIU9377954</Reference><Number /><Type>40HC</Type><Empty_full /><Seals>EU21374953</Seals><Marks1 /><Marks2 /><Sealing_party /></Container><Container><Reference>BEAU4253703</Reference><Number /><Type>40HC</Type><Empty_full /><Seals>EU21373031</Seals><Marks1 /><Marks2 /><Sealing_party /></Container><Container><Reference>CAXU8063734</Reference><Number /><Type>40HC</Type><Empty_full /><Seals>EU21374956</Seals><Marks1 /><Marks2 /><Sealing_party /></Container><Container><Reference>TGHU9597888</Reference><Number /><Type>40HC</Type><Empty_full /><Seals>EU21374957</Seals><Marks1 /><Marks2 /><Sealing_party /></Container><Container><Reference>MEDU8340993</Reference><Number /><Type>40HC</Type><Empty_full /><Seals>EU21374955</Seals><Marks1 /><Marks2 /><Sealing_party /></Container></TWM_BOL>