﻿<?xml version="1.0" encoding="utf-8"?><TWM_BOL><Identification_segment><Registry_number>NY137R</Registry_number><Date>2021-09-20</Date><Bol_reference>MEDULG240822</Bol_reference><Customs_office_segment><Code>01TC</Code></Customs_office_segment></Identification_segment><Bol_specific_segment><Line_number>4</Line_number><Previous_document_reference /><Bol_Nature>22</Bol_Nature><Unique_carrier_reference /><Total_number_of_containers>5</Total_number_of_containers><Total_gross_mass_manifested>113400.00</Total_gross_mass_manifested><Volume_in_cubic_meters>0.01</Volume_in_cubic_meters><Bol_type_segment><Code>BL</Code></Bol_type_segment><Exporter_segment><Code /><Name>RUBBER ESTATES NIGERIA LTD</Name><Address>PLOT 2A, IJORA CAUSEWA NEAR UDO OVIA SOUTH WEST LGA EDO STATE</Address></Exporter_segment><Consignee_segment><Code /><Name>BRIDGESTONE STARGARD SP. Z.O.O.</Name><Address>UL. MOST KAMIENNY 7</Address></Consignee_segment><Notify_segment><Code /><Name>BRIDGESTONE STARGARD SP. Z.O.O.</Name><Address>UL. MOST KAMIENNY 7</Address></Notify_segment><Place_of_loading_segment><Code>NGTIN</Code></Place_of_loading_segment><Place_of_unloading_segment><Code>PLGDY</Code></Place_of_unloading_segment><Packages_segment><Package_type_code>BL</Package_type_code><Number_of_packages>3240</Number_of_packages></Packages_segment><Goods_description>5 X 20' FCL 113,400 TON NATURAL RUBBER RENL-10 648 LOOSE  BALES OF 35 KILOS EACH PER CONTAINER PACKED BULK BO 4505623465 - CONTRACT 246235 HS CODE: 4001.22 MARK: TC-12 4505623</Goods_description><Freight_segment><Value /><Currency /><Indicator_segment><Code /></Indicator_segment></Freight_segment><Customs_segment><Value /><Currency /></Customs_segment><Transport_segment><Value /><Currency /></Transport_segment><Insurance_segment><Value /><Currency /></Insurance_segment><Seals_segment><Number_of_seals /><Marks_of_seals /><Sealing_party_code /></Seals_segment><Information_part_a /><Operations_segment><Location_segment><Code /><Information /></Location_segment></Operations_segment></Bol_specific_segment><Container><Reference>TRHU1261245</Reference><Number /><Type>20DV</Type><Empty_full /><Seals>3288595</Seals><Marks1 /><Marks2 /><Sealing_party /></Container><Container><Reference>MSDU1175446</Reference><Number /><Type>20DV</Type><Empty_full /><Seals>3288598</Seals><Marks1 /><Marks2 /><Sealing_party /></Container><Container><Reference>GESU1228556</Reference><Number /><Type>20DV</Type><Empty_full /><Seals>3288599</Seals><Marks1 /><Marks2 /><Sealing_party /></Container><Container><Reference>MSDU1440690</Reference><Number /><Type>20DV</Type><Empty_full /><Seals>3288602</Seals><Marks1 /><Marks2 /><Sealing_party /></Container><Container><Reference>SEGU3669637</Reference><Number /><Type>20DV</Type><Empty_full /><Seals>3288603</Seals><Marks1 /><Marks2 /><Sealing_party /></Container></TWM_BOL>