﻿<?xml version="1.0" encoding="utf-8"?><TWM_BOL><Identification_segment><Registry_number>NY137R</Registry_number><Date>2021-09-20</Date><Bol_reference>MEDULG246969</Bol_reference><Customs_office_segment><Code>01TC</Code></Customs_office_segment></Identification_segment><Bol_specific_segment><Line_number>9</Line_number><Previous_document_reference /><Bol_Nature>22</Bol_Nature><Unique_carrier_reference /><Total_number_of_containers>272</Total_number_of_containers><Total_gross_mass_manifested>0.01</Total_gross_mass_manifested><Volume_in_cubic_meters>0.01</Volume_in_cubic_meters><Bol_type_segment><Code>BL</Code></Bol_type_segment><Exporter_segment><Code /><Name>MSC LAGOS</Name><Address>41, Creek Road  P.O.Box 4499  Apapa - Lagos 4499</Address></Exporter_segment><Consignee_segment><Code /><Name>MEDITERRANEAN SHIPPING COMPANY, S.A</Name><Address>12-14 CHEMIN RIEU</Address></Consignee_segment><Notify_segment><Code /><Name>MSC BELGIUM</Name><Address>Noorderlaan 127a Antwerpen</Address></Notify_segment><Place_of_loading_segment><Code>NGTIN</Code></Place_of_loading_segment><Place_of_unloading_segment><Code>BEANR</Code></Place_of_unloading_segment><Packages_segment><Package_type_code>NE</Package_type_code><Number_of_packages>272</Number_of_packages></Packages_segment><Goods_description>Empty Container</Goods_description><Freight_segment><Value /><Currency /><Indicator_segment><Code /></Indicator_segment></Freight_segment><Customs_segment><Value /><Currency /></Customs_segment><Transport_segment><Value /><Currency /></Transport_segment><Insurance_segment><Value /><Currency /></Insurance_segment><Seals_segment><Number_of_seals /><Marks_of_seals /><Sealing_party_code /></Seals_segment><Information_part_a /><Operations_segment><Location_segment><Code /><Information /></Location_segment></Operations_segment></Bol_specific_segment><Container><Reference>MSMU8929143</Reference><Number /><Type>40HC</Type><Empty_full /><Marks1 /><Marks2 /><Sealing_party /></Container><Container><Reference>TRHU7889157</Reference><Number /><Type>40HC</Type><Empty_full /><Marks1 /><Marks2 /><Sealing_party /></Container><Container><Reference>TRHU6251086</Reference><Number /><Type>40HC</Type><Empty_full /><Marks1 /><Marks2 /><Sealing_party /></Container><Container><Reference>TGBU4541122</Reference><Number /><Type>40HC</Type><Empty_full /><Marks1 /><Marks2 /><Sealing_party /></Container><Container><Reference>TGBU4539845</Reference><Number /><Type>40HC</Type><Empty_full /><Marks1 /><Marks2 /><Sealing_party /></Container><Container><Reference>MSMU5211297</Reference><Number /><Type>40HC</Type><Empty_full /><Marks1 /><Marks2 /><Sealing_party /></Container><Container><Reference>MSMU5284544</Reference><Number /><Type>40HC</Type><Empty_full /><Marks1 /><Marks2 /><Sealing_party /></Container><Container><Reference>MSMU5271850</Reference><Number /><Type>40HC</Type><Empty_full /><Marks1 /><Marks2 /><Sealing_party /></Container><Container><Reference>TXGU5336130</Reference><Number /><Type>40HC</Type><Empty_full /><Marks1 /><Marks2 /><Sealing_party /></Container><Container><Reference>MSDU1935868</Reference><Number /><Type>20DV</Type><Empty_full /><Marks1 /><Marks2 /><Sealing_party /></Container><Container><Reference>FFAU3821872</Reference><Number /><Type>40HC</Type><Empty_full /><Marks1 /><Marks2 /><Sealing_party /></Container><Container><Reference>FFAU3957576</Reference><Number /><Type>40HC</Type><Empty_full /><Marks1 /><Marks2 /><Sealing_party /></Container><Container><Reference>TRHU7187103</Reference><Number /><Type>40HC</Type><Empty_full /><Marks1 /><Marks2 /><Sealing_party /></Container><Container><Reference>MSMU8825560</Reference><Number /><Type>40HC</Type><Empty_full /><Marks1 /><Marks2 /><Sealing_party /></Container><Container><Reference>TGBU9787973</Reference><Number /><Type>40HC</Type><Empty_full /><Marks1 /><Marks2 /><Sealing_party /></Container><Container><Reference>MSDU1867700</Reference><Number /><Type>20DV</Type><Empty_full /><Marks1 /><Marks2 /><Sealing_party /></Container><Container><Reference>MSMU8633402</Reference><Number /><Type>40HC</Type><Empty_full /><Marks1 /><Marks2 /><Sealing_party /></Container><Container><Reference>MSMU8631056</Reference><Number /><Type>40HC</Type><Empty_full /><Marks1 /><Marks2 /><Sealing_party /></Container><Container><Reference>MSDU9817558</Reference><Number /><Type>40HR</Type><Empty_full /><Marks1 /><Marks2 /><Sealing_party /></Container><Container><Reference>TRHU7731177</Reference><Number /><Type>40HC</Type><Empty_full /><Marks1 /><Marks2 /><Sealing_party /></Container><Container><Reference>MSDU9800339</Reference><Number /><Type>40HR</Type><Empty_full /><Marks1 /><Marks2 /><Sealing_party /></Container><Container><Reference>MSMU8585731</Reference><Number /><Type>40HC</Type><Empty_full /><Marks1 /><Marks2 /><Sealing_party /></Container><Container><Reference>TRHU7609997</Reference><Number /><Type>40HC</Type><Empty_full /><Marks1 /><Marks2 /><Sealing_party /></Container><Container><Reference>MSMU7744377</Reference><Number /><Type>40HC</Type><Empty_full /><Marks1 /><Marks2 /><Sealing_party /></Container><Container><Reference>MSMU7743914</Reference><Number /><Type>40HC</Type><Empty_full /><Marks1 /><Marks2 /><Sealing_party /></Container><Container><Reference>MSMU7986175</Reference><Number /><Type>40HC</Type><Empty_full /><Marks1 /><Marks2 /><Sealing_party /></Container><Container><Reference>MSMU7939131</Reference><Number /><Type>40HC</Type><Empty_full /><Marks1 /><Marks2 /><Sealing_party /></Container><Container><Reference>SEGU9988009</Reference><Number /><Type>40HR</Type><Empty_full /><Marks1 /><Marks2 /><Sealing_party /></Container><Container><Reference>MSMU7217822</Reference><Number /><Type>40HC</Type><Empty_full /><Marks1 /><Marks2 /><Sealing_party /></Container><Container><Reference>MSDU1493200</Reference><Number /><Type>20DV</Type><Empty_full /><Marks1 /><Marks2 /><Sealing_party /></Container><Container><Reference>CAAU5916377</Reference><Number /><Type>40HC</Type><Empty_full /><Marks1 /><Marks2 /><Sealing_party /></Container><Container><Reference>TGBU9904431</Reference><Number /><Type>40HC</Type><Empty_full /><Marks1 /><Marks2 /><Sealing_party /></Container><Container><Reference>MSDU4036974</Reference><Number /><Type>40DV</Type><Empty_full /><Marks1 /><Marks2 /><Sealing_party /></Container><Container><Reference>MSMU7846240</Reference><Number /><Type>40HC</Type><Empty_full /><Marks1 /><Marks2 /><Sealing_party /></Container><Container><Reference>BEAU5879543</Reference><Number /><Type>40HC</Type><Empty_full /><Marks1 /><Marks2 /><Sealing_party /></Container><Container><Reference>CAAU5585690</Reference><Number /><Type>40HC</Type><Empty_full /><Marks1 /><Marks2 /><Sealing_party /></Container><Container><Reference>BEAU5862920</Reference><Number /><Type>40HC</Type><Empty_full /><Marks1 /><Marks2 /><Sealing_party /></Container><Container><Reference>FFAU2515857</Reference><Number /><Type>40HC</Type><Empty_full /><Marks1 /><Marks2 /><Sealing_party /></Container><Container><Reference>MTSU9647636</Reference><Number /><Type>40HC</Type><Empty_full /><Marks1 /><Marks2 /><Sealing_party /></Container><Container><Reference>MSMU7364171</Reference><Number /><Type>40HC</Type><Empty_full /><Marks1 /><Marks2 /><Sealing_party /></Container><Container><Reference>MTSU9649583</Reference><Number /><Type>40HC</Type><Empty_full /><Marks1 /><Marks2 /><Sealing_party /></Container><Container><Reference>MSDU1679299</Reference><Number /><Type>20DV</Type><Empty_full /><Marks1 /><Marks2 /><Sealing_party /></Container><Container><Reference>BEAU5930394</Reference><Number /><Type>40HC</Type><Empty_full /><Marks1 /><Marks2 /><Sealing_party /></Container><Container><Reference>MEDU9743566</Reference><Number /><Type>40HR</Type><Empty_full /><Marks1 /><Marks2 /><Sealing_party /></Container><Container><Reference>BEAU5938564</Reference><Number /><Type>40HC</Type><Empty_full /><Marks1 /><Marks2 /><Sealing_party /></Container><Container><Reference>MSMU7282155</Reference><Number /><Type>40HC</Type><Empty_full /><Marks1 /><Marks2 /><Sealing_party /></Container><Container><Reference>FFAU2525984</Reference><Number /><Type>40HC</Type><Empty_full /><Marks1 /><Marks2 /><Sealing_party /></Container><Container><Reference>MSMU7066881</Reference><Number /><Type>40HC</Type><Empty_full /><Marks1 /><Marks2 /><Sealing_party /></Container><Container><Reference>MSMU7312368</Reference><Number /><Type>40HC</Type><Empty_full /><Marks1 /><Marks2 /><Sealing_party /></Container><Container><Reference>MSDU4030430</Reference><Number /><Type>40DV</Type><Empty_full /><Marks1 /><Marks2 /><Sealing_party /></Container><Container><Reference>MSMU7448396</Reference><Number /><Type>40HC</Type><Empty_full /><Marks1 /><Marks2 /><Sealing_party /></Container><Container><Reference>MSDU8270065</Reference><Number /><Type>40HC</Type><Empty_full /><Marks1 /><Marks2 /><Sealing_party /></Container><Container><Reference>CAAU5795059</Reference><Number /><Type>40HC</Type><Empty_full /><Marks1 /><Marks2 /><Sealing_party /></Container><Container><Reference>MSMU7426191</Reference><Number /><Type>40HC</Type><Empty_full /><Marks1 /><Marks2 /><Sealing_party /></Container><Container><Reference>MSMU7425791</Reference><Number /><Type>40HC</Type><Empty_full /><Marks1 /><Marks2 /><Sealing_party /></Container><Container><Reference>MSMU7154977</Reference><Number /><Type>40HC</Type><Empty_full /><Marks1 /><Marks2 /><Sealing_party /></Container><Container><Reference>TGBU9238443</Reference><Number /><Type>40HC</Type><Empty_full /><Marks1 /><Marks2 /><Sealing_party /></Container><Container><Reference>MSDU8169888</Reference><Number /><Type>40HC</Type><Empty_full /><Marks1 /><Marks2 /><Sealing_party /></Container><Container><Reference>CAAU5514779</Reference><Number /><Type>40HC</Type><Empty_full /><Marks1 /><Marks2 /><Sealing_party /></Container><Container><Reference>BEAU5714672</Reference><Number /><Type>40HC</Type><Empty_full /><Marks1 /><Marks2 /><Sealing_party /></Container><Container><Reference>FFAU2081663</Reference><Number /><Type>40HC</Type><Empty_full /><Marks1 /><Marks2 /><Sealing_party /></Container><Container><Reference>BEAU5699752</Reference><Number /><Type>40HC</Type><Empty_full /><Marks1 /><Marks2 /><Sealing_party /></Container><Container><Reference>FFAU2086855</Reference><Number /><Type>40HC</Type><Empty_full /><Marks1 /><Marks2 /><Sealing_party /></Container><Container><Reference>MSDU8192825</Reference><Number /><Type>40HC</Type><Empty_full /><Marks1 /><Marks2 /><Sealing_party /></Container><Container><Reference>FFAU2340147</Reference><Number /><Type>40HC</Type><Empty_full /><Marks1 /><Marks2 /><Sealing_party /></Container><Container><Reference>FFAU1569709</Reference><Number /><Type>40HC</Type><Empty_full /><Marks1 /><Marks2 /><Sealing_party /></Container><Container><Reference>FFAU2142352</Reference><Number /><Type>40HC</Type><Empty_full /><Marks1 /><Marks2 /><Sealing_party /></Container><Container><Reference>FFAU1248205</Reference><Number /><Type>40HC</Type><Empty_full /><Marks1 /><Marks2 /><Sealing_party /></Container><Container><Reference>MSDU8034943</Reference><Number /><Type>40HC</Type><Empty_full /><Marks1 /><Marks2 /><Sealing_party /></Container><Container><Reference>MSDU7943773</Reference><Number /><Type>40HC</Type><Empty_full /><Marks1 /><Marks2 /><Sealing_party /></Container><Container><Reference>TGBU8006269</Reference><Number /><Type>40HC</Type><Empty_full /><Marks1 /><Marks2 /><Sealing_party /></Container><Container><Reference>FFAU1974912</Reference><Number /><Type>40HC</Type><Empty_full /><Marks1 /><Marks2 /><Sealing_party /></Container><Container><Reference>TGBU7995509</Reference><Number /><Type>40HC</Type><Empty_full /><Marks1 /><Marks2 /><Sealing_party /></Container><Container><Reference>FFAU1922210</Reference><Number /><Type>40HC</Type><Empty_full /><Marks1 /><Marks2 /><Sealing_party /></Container><Container><Reference>TGBU7993960</Reference><Number /><Type>40HC</Type><Empty_full /><Marks1 /><Marks2 /><Sealing_party /></Container><Container><Reference>MSDU7275798</Reference><Number /><Type>40HC</Type><Empty_full /><Marks1 /><Marks2 /><Sealing_party /></Container><Container><Reference>TGBU2553335</Reference><Number /><Type>20DV</Type><Empty_full /><Marks1 /><Marks2 /><Sealing_party /></Container><Container><Reference>FFAU1976026</Reference><Number /><Type>40HC</Type><Empty_full /><Marks1 /><Marks2 /><Sealing_party /></Container><Container><Reference>FFAU1965593</Reference><Number /><Type>40HC</Type><Empty_full /><Marks1 /><Marks2 /><Sealing_party /></Container><Container><Reference>SEGU6967424</Reference><Number /><Type>40HC</Type><Empty_full /><Marks1 /><Marks2 /><Sealing_party /></Container><Container><Reference>FFAU1915329</Reference><Number /><Type>40HC</Type><Empty_full /><Marks1 /><Marks2 /><Sealing_party /></Container><Container><Reference>SEKU4007075</Reference><Number /><Type>40HC</Type><Empty_full /><Marks1 /><Marks2 /><Sealing_party /></Container><Container><Reference>MSDU1264604</Reference><Number /><Type>20DV</Type><Empty_full /><Marks1 /><Marks2 /><Sealing_party /></Container><Container><Reference>TGBU7005376</Reference><Number /><Type>40HC</Type><Empty_full /><Marks1 /><Marks2 /><Sealing_party /></Container><Container><Reference>MEDU7003344</Reference><Number /><Type>40HC</Type><Empty_full /><Marks1 /><Marks2 /><Sealing_party /></Container><Container><Reference>MEDU7001362</Reference><Number /><Type>40HC</Type><Empty_full /><Marks1 /><Marks2 /><Sealing_party /></Container><Container><Reference>MSDU7840219</Reference><Number /><Type>40HC</Type><Empty_full /><Marks1 /><Marks2 /><Sealing_party /></Container><Container><Reference>MSDU7036140</Reference><Number /><Type>40HC</Type><Empty_full /><Marks1 /><Marks2 /><Sealing_party /></Container><Container><Reference>MSDU1129163</Reference><Number /><Type>20DV</Type><Empty_full /><Marks1 /><Marks2 /><Sealing_party /></Container><Container><Reference>MSDU7187110</Reference><Number /><Type>40HC</Type><Empty_full /><Marks1 /><Marks2 /><Sealing_party /></Container><Container><Reference>MSDU7377357</Reference><Number /><Type>40HC</Type><Empty_full /><Marks1 /><Marks2 /><Sealing_party /></Container><Container><Reference>MEDU5237873</Reference><Number /><Type>20DV</Type><Empty_full /><Marks1 /><Marks2 /><Sealing_party /></Container><Container><Reference>MSCU5171208</Reference><Number /><Type>40HC</Type><Empty_full /><Marks1 /><Marks2 /><Sealing_party /></Container><Container><Reference>MEDU5721722</Reference><Number /><Type>20DV</Type><Empty_full /><Marks1 /><Marks2 /><Sealing_party /></Container><Container><Reference>MSDU7504678</Reference><Number /><Type>40HC</Type><Empty_full /><Marks1 /><Marks2 /><Sealing_party /></Container><Container><Reference>TEMU9134834</Reference><Number /><Type>40HR</Type><Empty_full /><Marks1 /><Marks2 /><Sealing_party /></Container><Container><Reference>MSDU7107990</Reference><Number /><Type>40HC</Type><Empty_full /><Marks1 /><Marks2 /><Sealing_party /></Container><Container><Reference>MSCU3498716</Reference><Number /><Type>20DV</Type><Empty_full /><Marks1 /><Marks2 /><Sealing_party /></Container><Container><Reference>MSDU7098990</Reference><Number /><Type>40HC</Type><Empty_full /><Marks1 /><Marks2 /><Sealing_party /></Container><Container><Reference>MSCU3489437</Reference><Number /><Type>20DV</Type><Empty_full /><Marks1 /><Marks2 /><Sealing_party /></Container><Container><Reference>CAAU5086602</Reference><Number /><Type>40HC</Type><Empty_full /><Marks1 /><Marks2 /><Sealing_party /></Container><Container><Reference>CAIU4755970</Reference><Number /><Type>40HC</Type><Empty_full /><Marks1 /><Marks2 /><Sealing_party /></Container><Container><Reference>CAIU4800615</Reference><Number /><Type>40HC</Type><Empty_full /><Marks1 /><Marks2 /><Sealing_party /></Container><Container><Reference>FCIU7394354</Reference><Number /><Type>40HC</Type><Empty_full /><Marks1 /><Marks2 /><Sealing_party /></Container><Container><Reference>MEDU5084250</Reference><Number /><Type>20DV</Type><Empty_full /><Marks1 /><Marks2 /><Sealing_party /></Container><Container><Reference>MSCU5351724</Reference><Number /><Type>40HC</Type><Empty_full /><Marks1 /><Marks2 /><Sealing_party /></Container><Container><Reference>MSCU5336289</Reference><Number /><Type>40HC</Type><Empty_full /><Marks1 /><Marks2 /><Sealing_party /></Container><Container><Reference>FCIU7380005</Reference><Number /><Type>40HC</Type><Empty_full /><Marks1 /><Marks2 /><Sealing_party /></Container><Container><Reference>MEDU4455802</Reference><Number /><Type>40HC</Type><Empty_full /><Marks1 /><Marks2 /><Sealing_party /></Container><Container><Reference>FDCU0231606</Reference><Number /><Type>40HC</Type><Empty_full /><Marks1 /><Marks2 /><Sealing_party /></Container><Container><Reference>FDCU0293790</Reference><Number /><Type>40HC</Type><Empty_full /><Marks1 /><Marks2 /><Sealing_party /></Container><Container><Reference>FBLU0043828</Reference><Number /><Type>40HC</Type><Empty_full /><Marks1 /><Marks2 /><Sealing_party /></Container><Container><Reference>TCNU1924046</Reference><Number /><Type>40HC</Type><Empty_full /><Marks1 /><Marks2 /><Sealing_party /></Container><Container><Reference>FDCU0244157</Reference><Number /><Type>40HC</Type><Empty_full /><Marks1 /><Marks2 /><Sealing_party /></Container><Container><Reference>TCNU1798159</Reference><Number /><Type>40HC</Type><Empty_full /><Marks1 /><Marks2 /><Sealing_party /></Container><Container><Reference>TCNU1794390</Reference><Number /><Type>40HC</Type><Empty_full /><Marks1 /><Marks2 /><Sealing_party /></Container><Container><Reference>TGBU5981018</Reference><Number /><Type>40HC</Type><Empty_full /><Marks1 /><Marks2 /><Sealing_party /></Container><Container><Reference>UETU5586426</Reference><Number /><Type>40HC</Type><Empty_full /><Marks1 /><Marks2 /><Sealing_party /></Container><Container><Reference>MEDU4841195</Reference><Number /><Type>40HC</Type><Empty_full /><Marks1 /><Marks2 /><Sealing_party /></Container><Container><Reference>TGBU5785458</Reference><Number /><Type>40HC</Type><Empty_full /><Marks1 /><Marks2 /><Sealing_party /></Container><Container><Reference>CAIU7759198</Reference><Number /><Type>40HC</Type><Empty_full /><Marks1 /><Marks2 /><Sealing_party /></Container><Container><Reference>TCNU1303460</Reference><Number /><Type>40HC</Type><Empty_full /><Marks1 /><Marks2 /><Sealing_party /></Container><Container><Reference>CAIU7762205</Reference><Number /><Type>40HC</Type><Empty_full /><Marks1 /><Marks2 /><Sealing_party /></Container><Container><Reference>SZLU9282525</Reference><Number /><Type>40HR</Type><Empty_full /><Marks1 /><Marks2 /><Sealing_party /></Container><Container><Reference>TCNU1031249</Reference><Number /><Type>40HC</Type><Empty_full /><Marks1 /><Marks2 /><Sealing_party /></Container><Container><Reference>MEDU7819739</Reference><Number /><Type>40HC</Type><Empty_full /><Marks1 /><Marks2 /><Sealing_party /></Container><Container><Reference>CAIU7540450</Reference><Number /><Type>40HC</Type><Empty_full /><Marks1 /><Marks2 /><Sealing_party /></Container><Container><Reference>CARU5180135</Reference><Number /><Type>40HC</Type><Empty_full /><Marks1 /><Marks2 /><Sealing_party /></Container><Container><Reference>CAIU7132206</Reference><Number /><Type>40HC</Type><Empty_full /><Marks1 /><Marks2 /><Sealing_party /></Container><Container><Reference>MEDU7422649</Reference><Number /><Type>40HC</Type><Empty_full /><Marks1 /><Marks2 /><Sealing_party /></Container><Container><Reference>MEDU4621890</Reference><Number /><Type>40HC</Type><Empty_full /><Marks1 /><Marks2 /><Sealing_party /></Container><Container><Reference>BEAU4232927</Reference><Number /><Type>40HC</Type><Empty_full /><Marks1 /><Marks2 /><Sealing_party /></Container><Container><Reference>CAIU7142816</Reference><Number /><Type>40HC</Type><Empty_full /><Marks1 /><Marks2 /><Sealing_party /></Container><Container><Reference>MEDU4518027</Reference><Number /><Type>40HC</Type><Empty_full /><Marks1 /><Marks2 /><Sealing_party /></Container><Container><Reference>MEDU4611607</Reference><Number /><Type>40HC</Type><Empty_full /><Marks1 /><Marks2 /><Sealing_party /></Container><Container><Reference>BEAU4238083</Reference><Number /><Type>40HC</Type><Empty_full /><Marks1 /><Marks2 /><Sealing_party /></Container><Container><Reference>MEDU4663473</Reference><Number /><Type>40HC</Type><Empty_full /><Marks1 /><Marks2 /><Sealing_party /></Container><Container><Reference>CAIU7458770</Reference><Number /><Type>40HC</Type><Empty_full /><Marks1 /><Marks2 /><Sealing_party /></Container><Container><Reference>CAIU7383520</Reference><Number /><Type>40HC</Type><Empty_full /><Marks1 /><Marks2 /><Sealing_party /></Container><Container><Reference>MEDU7759331</Reference><Number /><Type>40HC</Type><Empty_full /><Marks1 /><Marks2 /><Sealing_party /></Container><Container><Reference>MEDU7583453</Reference><Number /><Type>40HC</Type><Empty_full /><Marks1 /><Marks2 /><Sealing_party /></Container><Container><Reference>MEDU7793212</Reference><Number /><Type>40HC</Type><Empty_full /><Marks1 /><Marks2 /><Sealing_party /></Container><Container><Reference>MEDU4759744</Reference><Number /><Type>40HC</Type><Empty_full /><Marks1 /><Marks2 /><Sealing_party /></Container><Container><Reference>CAIU9956508</Reference><Number /><Type>40HC</Type><Empty_full /><Marks1 /><Marks2 /><Sealing_party /></Container><Container><Reference>CAIU9948626</Reference><Number /><Type>40HC</Type><Empty_full /><Marks1 /><Marks2 /><Sealing_party /></Container><Container><Reference>CAIU9908599</Reference><Number /><Type>40HC</Type><Empty_full /><Marks1 /><Marks2 /><Sealing_party /></Container><Container><Reference>CAIU3542619</Reference><Number /><Type>20DV</Type><Empty_full /><Marks1 /><Marks2 /><Sealing_party /></Container><Container><Reference>MEDU4823191</Reference><Number /><Type>40HC</Type><Empty_full /><Marks1 /><Marks2 /><Sealing_party /></Container><Container><Reference>MEDU4794283</Reference><Number /><Type>40HC</Type><Empty_full /><Marks1 /><Marks2 /><Sealing_party /></Container><Container><Reference>CAIU8166284</Reference><Number /><Type>40HC</Type><Empty_full /><Marks1 /><Marks2 /><Sealing_party /></Container><Container><Reference>BSIU2748576</Reference><Number /><Type>20DV</Type><Empty_full /><Marks1 /><Marks2 /><Sealing_party /></Container><Container><Reference>MEDU7469435</Reference><Number /><Type>40HC</Type><Empty_full /><Marks1 /><Marks2 /><Sealing_party /></Container><Container><Reference>BMOU6878464</Reference><Number /><Type>40HC</Type><Empty_full /><Marks1 /><Marks2 /><Sealing_party /></Container><Container><Reference>TGHU9963800</Reference><Number /><Type>40HR</Type><Empty_full /><Marks1 /><Marks2 /><Sealing_party /></Container><Container><Reference>MEDU7653674</Reference><Number /><Type>40HC</Type><Empty_full /><Marks1 /><Marks2 /><Sealing_party /></Container><Container><Reference>MEDU7663055</Reference><Number /><Type>40HC</Type><Empty_full /><Marks1 /><Marks2 /><Sealing_party /></Container><Container><Reference>TCNU3279342</Reference><Number /><Type>40HC</Type><Empty_full /><Marks1 /><Marks2 /><Sealing_party /></Container><Container><Reference>TCNU3285411</Reference><Number /><Type>40HC</Type><Empty_full /><Marks1 /><Marks2 /><Sealing_party /></Container><Container><Reference>BEAU2825190</Reference><Number /><Type>20DV</Type><Empty_full /><Marks1 /><Marks2 /><Sealing_party /></Container><Container><Reference>BMOU6786590</Reference><Number /><Type>40HC</Type><Empty_full /><Marks1 /><Marks2 /><Sealing_party /></Container><Container><Reference>MEDU7256105</Reference><Number /><Type>40HC</Type><Empty_full /><Marks1 /><Marks2 /><Sealing_party /></Container><Container><Reference>GESU6171495</Reference><Number /><Type>40HC</Type><Empty_full /><Marks1 /><Marks2 /><Sealing_party /></Container><Container><Reference>BMOU6556447</Reference><Number /><Type>40HC</Type><Empty_full /><Marks1 /><Marks2 /><Sealing_party /></Container><Container><Reference>CAIU8431541</Reference><Number /><Type>40HC</Type><Empty_full /><Marks1 /><Marks2 /><Sealing_party /></Container><Container><Reference>TGHU1824943</Reference><Number /><Type>20DV</Type><Empty_full /><Marks1 /><Marks2 /><Sealing_party /></Container><Container><Reference>TRLU5042557</Reference><Number /><Type>40FL</Type><Empty_full /><Marks1 /><Marks2 /><Sealing_party /></Container><Container><Reference>TGHU8538535</Reference><Number /><Type>40HC</Type><Empty_full /><Marks1 /><Marks2 /><Sealing_party /></Container><Container><Reference>GESU6581186</Reference><Number /><Type>40HC</Type><Empty_full /><Marks1 /><Marks2 /><Sealing_party /></Container><Container><Reference>CRTU7611547</Reference><Number /><Type>40FL</Type><Empty_full /><Marks1 /><Marks2 /><Sealing_party /></Container><Container><Reference>TEMU8621123</Reference><Number /><Type>40HC</Type><Empty_full /><Marks1 /><Marks2 /><Sealing_party /></Container><Container><Reference>TEMU8259734</Reference><Number /><Type>40HC</Type><Empty_full /><Marks1 /><Marks2 /><Sealing_party /></Container><Container><Reference>TCNU8307513</Reference><Number /><Type>40HC</Type><Empty_full /><Marks1 /><Marks2 /><Sealing_party /></Container><Container><Reference>FCIU8094840</Reference><Number /><Type>40HC</Type><Empty_full /><Marks1 /><Marks2 /><Sealing_party /></Container><Container><Reference>SEGU9280405</Reference><Number /><Type>40HR</Type><Empty_full /><Marks1 /><Marks2 /><Sealing_party /></Container><Container><Reference>TRIU8435682</Reference><Number /><Type>40HR</Type><Empty_full /><Marks1 /><Marks2 /><Sealing_party /></Container><Container><Reference>FSCU8366700</Reference><Number /><Type>40HC</Type><Empty_full /><Marks1 /><Marks2 /><Sealing_party /></Container><Container><Reference>TEMU7980556</Reference><Number /><Type>40HC</Type><Empty_full /><Marks1 /><Marks2 /><Sealing_party /></Container><Container><Reference>BMOU6016069</Reference><Number /><Type>40HC</Type><Empty_full /><Marks1 /><Marks2 /><Sealing_party /></Container><Container><Reference>FCIU8808947</Reference><Number /><Type>40HC</Type><Empty_full /><Marks1 /><Marks2 /><Sealing_party /></Container><Container><Reference>TCLU7902659</Reference><Number /><Type>40HC</Type><Empty_full /><Marks1 /><Marks2 /><Sealing_party /></Container><Container><Reference>TCLU7759620</Reference><Number /><Type>40HC</Type><Empty_full /><Marks1 /><Marks2 /><Sealing_party /></Container><Container><Reference>TCLU9743094</Reference><Number /><Type>40HC</Type><Empty_full /><Marks1 /><Marks2 /><Sealing_party /></Container><Container><Reference>TCLU7850302</Reference><Number /><Type>40HC</Type><Empty_full /><Marks1 /><Marks2 /><Sealing_party /></Container><Container><Reference>TCLU7768581</Reference><Number /><Type>40HC</Type><Empty_full /><Marks1 /><Marks2 /><Sealing_party /></Container><Container><Reference>MEDU7307727</Reference><Number /><Type>40HC</Type><Empty_full /><Marks1 /><Marks2 /><Sealing_party /></Container><Container><Reference>MEDU8896719</Reference><Number /><Type>40HC</Type><Empty_full /><Marks1 /><Marks2 /><Sealing_party /></Container><Container><Reference>TCLU7767142</Reference><Number /><Type>40HC</Type><Empty_full /><Marks1 /><Marks2 /><Sealing_party /></Container><Container><Reference>CAIU9457704</Reference><Number /><Type>40HC</Type><Empty_full /><Marks1 /><Marks2 /><Sealing_party /></Container><Container><Reference>FCIU2202649</Reference><Number /><Type>20DV</Type><Empty_full /><Marks1 /><Marks2 /><Sealing_party /></Container><Container><Reference>SEGU9209393</Reference><Number /><Type>40HR</Type><Empty_full /><Marks1 /><Marks2 /><Sealing_party /></Container><Container><Reference>CAIU9595811</Reference><Number /><Type>40HC</Type><Empty_full /><Marks1 /><Marks2 /><Sealing_party /></Container><Container><Reference>FSCU8014334</Reference><Number /><Type>40HC</Type><Empty_full /><Marks1 /><Marks2 /><Sealing_party /></Container><Container><Reference>CAXU8155234</Reference><Number /><Type>40HC</Type><Empty_full /><Marks1 /><Marks2 /><Sealing_party /></Container><Container><Reference>TEMU7579121</Reference><Number /><Type>40HC</Type><Empty_full /><Marks1 /><Marks2 /><Sealing_party /></Container><Container><Reference>FCIU8408961</Reference><Number /><Type>40HC</Type><Empty_full /><Marks1 /><Marks2 /><Sealing_party /></Container><Container><Reference>DFSU7149793</Reference><Number /><Type>40HC</Type><Empty_full /><Marks1 /><Marks2 /><Sealing_party /></Container><Container><Reference>TGHU8851581</Reference><Number /><Type>40HC</Type><Empty_full /><Marks1 /><Marks2 /><Sealing_party /></Container><Container><Reference>FCIU8851970</Reference><Number /><Type>40HC</Type><Empty_full /><Marks1 /><Marks2 /><Sealing_party /></Container><Container><Reference>TTNU8329264</Reference><Number /><Type>40HR</Type><Empty_full /><Marks1 /><Marks2 /><Sealing_party /></Container><Container><Reference>TGHU4989171</Reference><Number /><Type>40DV</Type><Empty_full /><Marks1 /><Marks2 /><Sealing_party /></Container><Container><Reference>SEGU4725503</Reference><Number /><Type>40HC</Type><Empty_full /><Marks1 /><Marks2 /><Sealing_party /></Container><Container><Reference>CXRU1461553</Reference><Number /><Type>40HR</Type><Empty_full /><Marks1 /><Marks2 /><Sealing_party /></Container><Container><Reference>TCNU5662181</Reference><Number /><Type>40HC</Type><Empty_full /><Marks1 /><Marks2 /><Sealing_party /></Container><Container><Reference>CXDU2162315</Reference><Number /><Type>40HC</Type><Empty_full /><Marks1 /><Marks2 /><Sealing_party /></Container><Container><Reference>CXDU2155872</Reference><Number /><Type>40HC</Type><Empty_full /><Marks1 /><Marks2 /><Sealing_party /></Container><Container><Reference>TEMU6529189</Reference><Number /><Type>40HC</Type><Empty_full /><Marks1 /><Marks2 /><Sealing_party /></Container><Container><Reference>TEMU6824672</Reference><Number /><Type>40HC</Type><Empty_full /><Marks1 /><Marks2 /><Sealing_party /></Container><Container><Reference>TEMU6585500</Reference><Number /><Type>40HC</Type><Empty_full /><Marks1 /><Marks2 /><Sealing_party /></Container><Container><Reference>TEMU6637202</Reference><Number /><Type>40HC</Type><Empty_full /><Marks1 /><Marks2 /><Sealing_party /></Container><Container><Reference>FSCU6666014</Reference><Number /><Type>40HC</Type><Empty_full /><Marks1 /><Marks2 /><Sealing_party /></Container><Container><Reference>FCIU3504730</Reference><Number /><Type>20DV</Type><Empty_full /><Marks1 /><Marks2 /><Sealing_party /></Container><Container><Reference>CLHU3751218</Reference><Number /><Type>20DV</Type><Empty_full /><Marks1 /><Marks2 /><Sealing_party /></Container><Container><Reference>FSCU7425346</Reference><Number /><Type>20DV</Type><Empty_full /><Marks1 /><Marks2 /><Sealing_party /></Container><Container><Reference>MEDU7148707</Reference><Number /><Type>40HC</Type><Empty_full /><Marks1 /><Marks2 /><Sealing_party /></Container><Container><Reference>MEDU8925988</Reference><Number /><Type>40HC</Type><Empty_full /><Marks1 /><Marks2 /><Sealing_party /></Container><Container><Reference>MEDU8851015</Reference><Number /><Type>40HC</Type><Empty_full /><Marks1 /><Marks2 /><Sealing_party /></Container><Container><Reference>TTNU1916038</Reference><Number /><Type>20DV</Type><Empty_full /><Marks1 /><Marks2 /><Sealing_party /></Container><Container><Reference>MEDU8972070</Reference><Number /><Type>40HC</Type><Empty_full /><Marks1 /><Marks2 /><Sealing_party /></Container><Container><Reference>MEDU8974468</Reference><Number /><Type>40HC</Type><Empty_full /><Marks1 /><Marks2 /><Sealing_party /></Container><Container><Reference>MEDU6545042</Reference><Number /><Type>20DV</Type><Empty_full /><Marks1 /><Marks2 /><Sealing_party /></Container><Container><Reference>MEDU8978864</Reference><Number /><Type>40HC</Type><Empty_full /><Marks1 /><Marks2 /><Sealing_party /></Container><Container><Reference>MEDU6198679</Reference><Number /><Type>20DV</Type><Empty_full /><Marks1 /><Marks2 /><Sealing_party /></Container><Container><Reference>FCIU9239763</Reference><Number /><Type>40HC</Type><Empty_full /><Marks1 /><Marks2 /><Sealing_party /></Container><Container><Reference>MEDU8881600</Reference><Number /><Type>40HC</Type><Empty_full /><Marks1 /><Marks2 /><Sealing_party /></Container><Container><Reference>TCNU7329288</Reference><Number /><Type>40HC</Type><Empty_full /><Marks1 /><Marks2 /><Sealing_party /></Container><Container><Reference>TCNU7163880</Reference><Number /><Type>40HC</Type><Empty_full /><Marks1 /><Marks2 /><Sealing_party /></Container><Container><Reference>MEDU3984083</Reference><Number /><Type>20DV</Type><Empty_full /><Marks1 /><Marks2 /><Sealing_party /></Container><Container><Reference>TCLU5843412</Reference><Number /><Type>40HC</Type><Empty_full /><Marks1 /><Marks2 /><Sealing_party /></Container><Container><Reference>TCNU7822709</Reference><Number /><Type>40HC</Type><Empty_full /><Marks1 /><Marks2 /><Sealing_party /></Container><Container><Reference>MEDU8686749</Reference><Number /><Type>40HC</Type><Empty_full /><Marks1 /><Marks2 /><Sealing_party /></Container><Container><Reference>MEDU3907169</Reference><Number /><Type>20DV</Type><Empty_full /><Marks1 /><Marks2 /><Sealing_party /></Container><Container><Reference>MEDU8563976</Reference><Number /><Type>40HC</Type><Empty_full /><Marks1 /><Marks2 /><Sealing_party /></Container><Container><Reference>TEXU7283318</Reference><Number /><Type>40DV</Type><Empty_full /><Marks1 /><Marks2 /><Sealing_party /></Container><Container><Reference>TCNU8938801</Reference><Number /><Type>40HC</Type><Empty_full /><Marks1 /><Marks2 /><Sealing_party /></Container><Container><Reference>TCNU8922560</Reference><Number /><Type>40HC</Type><Empty_full /><Marks1 /><Marks2 /><Sealing_party /></Container><Container><Reference>TCNU8736966</Reference><Number /><Type>40HC</Type><Empty_full /><Marks1 /><Marks2 /><Sealing_party /></Container><Container><Reference>TCLU5257089</Reference><Number /><Type>40HC</Type><Empty_full /><Marks1 /><Marks2 /><Sealing_party /></Container><Container><Reference>TRLU1712922</Reference><Number /><Type>40HR</Type><Empty_full /><Marks1 /><Marks2 /><Sealing_party /></Container><Container><Reference>FSCU6544844</Reference><Number /><Type>40HC</Type><Empty_full /><Marks1 /><Marks2 /><Sealing_party /></Container><Container><Reference>TRIU8225937</Reference><Number /><Type>40HR</Type><Empty_full /><Marks1 /><Marks2 /><Sealing_party /></Container><Container><Reference>GESU9207035</Reference><Number /><Type>40HR</Type><Empty_full /><Marks1 /><Marks2 /><Sealing_party /></Container><Container><Reference>TRLU7538973</Reference><Number /><Type>40HC</Type><Empty_full /><Marks1 /><Marks2 /><Sealing_party /></Container><Container><Reference>TGHU8799272</Reference><Number /><Type>40HC</Type><Empty_full /><Marks1 /><Marks2 /><Sealing_party /></Container><Container><Reference>FCIU8772280</Reference><Number /><Type>40HC</Type><Empty_full /><Marks1 /><Marks2 /><Sealing_party /></Container><Container><Reference>MEDU8656765</Reference><Number /><Type>40HC</Type><Empty_full /><Marks1 /><Marks2 /><Sealing_party /></Container><Container><Reference>GLDU7345638</Reference><Number /><Type>40HC</Type><Empty_full /><Marks1 /><Marks2 /><Sealing_party /></Container><Container><Reference>GLDU0702672</Reference><Number /><Type>40HC</Type><Empty_full /><Marks1 /><Marks2 /><Sealing_party /></Container><Container><Reference>TCKU9905599</Reference><Number /><Type>40HC</Type><Empty_full /><Marks1 /><Marks2 /><Sealing_party /></Container><Container><Reference>MEDU3502875</Reference><Number /><Type>20DV</Type><Empty_full /><Marks1 /><Marks2 /><Sealing_party /></Container><Container><Reference>MEDU3048227</Reference><Number /><Type>20DV</Type><Empty_full /><Marks1 /><Marks2 /><Sealing_party /></Container><Container><Reference>MEDU3009154</Reference><Number /><Type>20DV</Type><Empty_full /><Marks1 /><Marks2 /><Sealing_party /></Container><Container><Reference>AMFU8596250</Reference><Number /><Type>40HC</Type><Empty_full /><Marks1 /><Marks2 /><Sealing_party /></Container><Container><Reference>MEDU2794031</Reference><Number /><Type>20DV</Type><Empty_full /><Marks1 /><Marks2 /><Sealing_party /></Container><Container><Reference>MSCU4465147</Reference><Number /><Type>40FL</Type><Empty_full /><Marks1 /><Marks2 /><Sealing_party /></Container><Container><Reference>INBU5470500</Reference><Number /><Type>40DV</Type><Empty_full /><Marks1 /><Marks2 /><Sealing_party /></Container><Container><Reference>MEDU8185372</Reference><Number /><Type>40HC</Type><Empty_full /><Marks1 /><Marks2 /><Sealing_party /></Container><Container><Reference>MEDU8117104</Reference><Number /><Type>40HC</Type><Empty_full /><Marks1 /><Marks2 /><Sealing_party /></Container><Container><Reference>MEDU8046865</Reference><Number /><Type>40HC</Type><Empty_full /><Marks1 /><Marks2 /><Sealing_party /></Container><Container><Reference>GESU9358767</Reference><Number /><Type>40HR</Type><Empty_full /><Marks1 /><Marks2 /><Sealing_party /></Container><Container><Reference>CARU5785640</Reference><Number /><Type>40DV</Type><Empty_full /><Marks1 /><Marks2 /><Sealing_party /></Container><Container><Reference>MSCU4931142</Reference><Number /><Type>40DV</Type><Empty_full /><Marks1 /><Marks2 /><Sealing_party /></Container><Container><Reference>GLDU7286598</Reference><Number /><Type>40HC</Type><Empty_full /><Marks1 /><Marks2 /><Sealing_party /></Container><Container><Reference>TRLU7139320</Reference><Number /><Type>40HC</Type><Empty_full /><Marks1 /><Marks2 /><Sealing_party /></Container><Container><Reference>MSCU7407355</Reference><Number /><Type>40HR</Type><Empty_full /><Marks1 /><Marks2 /><Sealing_party /></Container><Container><Reference>MSCU7520865</Reference><Number /><Type>40HC</Type><Empty_full /><Marks1 /><Marks2 /><Sealing_party /></Container><Container><Reference>MSCU4873391</Reference><Number /><Type>40DV</Type><Empty_full /><Marks1 /><Marks2 /><Sealing_party /></Container><Container><Reference>MSCU4765340</Reference><Number /><Type>40DV</Type><Empty_full /><Marks1 /><Marks2 /><Sealing_party /></Container><Container><Reference>MSCU3388961</Reference><Number /><Type>20DV</Type><Empty_full /><Marks1 /><Marks2 /><Sealing_party /></Container><Container><Reference>MSCU9758322</Reference><Number /><Type>40HC</Type><Empty_full /><Marks1 /><Marks2 /><Sealing_party /></Container><Container><Reference>MSCU9623585</Reference><Number /><Type>40HC</Type><Empty_full /><Marks1 /><Marks2 /><Sealing_party /></Container><Container><Reference>MSCU3872467</Reference><Number /><Type>20DV</Type><Empty_full /><Marks1 /><Marks2 /><Sealing_party /></Container><Container><Reference>FSCU6035512</Reference><Number /><Type>40HC</Type><Empty_full /><Marks1 /><Marks2 /><Sealing_party /></Container></TWM_BOL>