﻿<?xml version="1.0" encoding="utf-8"?><TWM_BOL><Identification_segment><Registry_number>NY137R</Registry_number><Date>2021-09-20</Date><Bol_reference>MEDULG245557</Bol_reference><Customs_office_segment><Code>01TC</Code></Customs_office_segment></Identification_segment><Bol_specific_segment><Line_number>8</Line_number><Previous_document_reference /><Bol_Nature>22</Bol_Nature><Unique_carrier_reference /><Total_number_of_containers>1</Total_number_of_containers><Total_gross_mass_manifested>27000.00</Total_gross_mass_manifested><Volume_in_cubic_meters>0.01</Volume_in_cubic_meters><Bol_type_segment><Code>BL</Code></Bol_type_segment><Exporter_segment><Code /><Name>ATLANTIC SHRIMPERS LIMITED</Name><Address>KIRIKIRI LIGHTER TERMINAL PHASE 1</Address></Exporter_segment><Consignee_segment><Code /><Name>PRIMSTAR BV</Name><Address>TROMPLAAN 5</Address></Consignee_segment><Notify_segment><Code /><Name>THERMOTRAFFIC HOLLAND BV</Name><Address>ABEL TASMANSTRAAT 1</Address></Notify_segment><Place_of_loading_segment><Code>NGTIN</Code></Place_of_loading_segment><Place_of_unloading_segment><Code>NLRTM</Code></Place_of_unloading_segment><Packages_segment><Package_type_code>CT</Package_type_code><Number_of_packages>1800</Number_of_packages></Packages_segment><Shipping_marks>1800 MASTER CARTONS</Shipping_marks><Goods_description>NXP NO:XG20210004445746 1,176 MASTER CARTONS OF PROCESSED SEA FROZEN HEAD-ON WHITE PRAWNS (12KGS) 624 MASTER CARTONS OF PROCESSED SEA FROZEN HEAD-ON WILD TIGER PRAWNS (12KGS) </Goods_description><Freight_segment><Value /><Currency /><Indicator_segment><Code /></Indicator_segment></Freight_segment><Customs_segment><Value /><Currency /></Customs_segment><Transport_segment><Value /><Currency /></Transport_segment><Insurance_segment><Value /><Currency /></Insurance_segment><Seals_segment><Number_of_seals /><Marks_of_seals /><Sealing_party_code /></Seals_segment><Information_part_a /><Operations_segment><Location_segment><Code /><Information /></Location_segment></Operations_segment></Bol_specific_segment><Container><Reference>MEDU9832072</Reference><Number /><Type>40HR</Type><Empty_full /><Seals>EU21373187</Seals><Marks1 /><Marks2 /><Sealing_party /></Container></TWM_BOL>