﻿<?xml version="1.0" encoding="utf-8"?><TWM_BOL><Identification_segment><Registry_number>XA132A</Registry_number><Date>2021-08-18</Date><Bol_reference>MEDUAR274088</Bol_reference><Customs_office_segment><Code>01TC</Code></Customs_office_segment></Identification_segment><Bol_specific_segment><Line_number>3</Line_number><Previous_document_reference /><Bol_Nature>23</Bol_Nature><Unique_carrier_reference /><Total_number_of_containers>8</Total_number_of_containers><Total_gross_mass_manifested>203148.00</Total_gross_mass_manifested><Volume_in_cubic_meters>0.01</Volume_in_cubic_meters><Bol_type_segment><Code>BL</Code></Bol_type_segment><Exporter_segment><Code /><Name>VITAMAX LTD.</Name><Address>58 Acacia Road,</Address></Exporter_segment><Consignee_segment><Code /><Name>TO ORDER OF</Name><Address></Address></Consignee_segment><Notify_segment><Code /><Name>EUROCHEMCO VENTURES LIMITED</Name><Address>159-161 LADIPO STREET MATORI, MUSHIN, LAGOS,</Address></Notify_segment><Place_of_loading_segment><Code>BEANR</Code></Place_of_loading_segment><Place_of_unloading_segment><Code>NGTIN</Code></Place_of_unloading_segment><Packages_segment><Package_type_code>BG</Package_type_code><Number_of_packages>7920</Number_of_packages></Packages_segment><Goods_description>24.75 MT POLYVINYL CHLORIDE INOVYN 267RC PVC AS PER PRO FORMA INVOICE NUMBER V1203/21 DATED 10/06/2021 CFR APAPA SEAPORT, LAGOS, NIGERIA HS-NO 39041000</Goods_description><Freight_segment><Value /><Currency /><Indicator_segment><Code /></Indicator_segment></Freight_segment><Customs_segment><Value /><Currency /></Customs_segment><Transport_segment><Value /><Currency /></Transport_segment><Insurance_segment><Value /><Currency /></Insurance_segment><Seals_segment><Number_of_seals /><Marks_of_seals /><Sealing_party_code /></Seals_segment><Information_part_a /><Operations_segment><Location_segment><Code /><Information /></Location_segment></Operations_segment></Bol_specific_segment><Container><Reference>TGBU7196966</Reference><Number /><Type>40HC</Type><Empty_full /><Seals>5809159</Seals><Marks1 /><Marks2 /><Sealing_party /></Container><Container><Reference>MSDU8341873</Reference><Number /><Type>40HC</Type><Empty_full /><Seals>5809162</Seals><Marks1 /><Marks2 /><Sealing_party /></Container><Container><Reference>MEDU8050232</Reference><Number /><Type>40HC</Type><Empty_full /><Seals>4522089</Seals><Marks1 /><Marks2 /><Sealing_party /></Container><Container><Reference>MEDU8821659</Reference><Number /><Type>40HC</Type><Empty_full /><Seals>4522095</Seals><Marks1 /><Marks2 /><Sealing_party /></Container><Container><Reference>MSMU7185258</Reference><Number /><Type>40HC</Type><Empty_full /><Seals>4522054</Seals><Marks1 /><Marks2 /><Sealing_party /></Container><Container><Reference>DFSU7775143</Reference><Number /><Type>40HC</Type><Empty_full /><Seals>4522091</Seals><Marks1 /><Marks2 /><Sealing_party /></Container><Container><Reference>MSCU9194217</Reference><Number /><Type>40HC</Type><Empty_full /><Seals>4522097</Seals><Marks1 /><Marks2 /><Sealing_party /></Container><Container><Reference>MEDU8384780</Reference><Number /><Type>40HC</Type><Empty_full /><Seals>4522085</Seals><Marks1 /><Marks2 /><Sealing_party /></Container></TWM_BOL>