﻿<?xml version="1.0" encoding="utf-8"?><TWM_BOL><Identification_segment><Registry_number>NY137R</Registry_number><Date>2021-09-20</Date><Bol_reference>MEDULG237661</Bol_reference><Customs_office_segment><Code>01TC</Code></Customs_office_segment></Identification_segment><Bol_specific_segment><Line_number>3</Line_number><Previous_document_reference /><Bol_Nature>22</Bol_Nature><Unique_carrier_reference /><Total_number_of_containers>3</Total_number_of_containers><Total_gross_mass_manifested>69000.00</Total_gross_mass_manifested><Volume_in_cubic_meters>150.00</Volume_in_cubic_meters><Bol_type_segment><Code>BL</Code></Bol_type_segment><Exporter_segment><Code /><Name>JONEC IMPEX LIMITED</Name><Address>16, OLAFIMIHAN STREET, ILASAMAJA</Address></Exporter_segment><Consignee_segment><Code /><Name>PHU MIRAND-PLUS</Name><Address>BONDARY 25 16-050 MICHALOWO</Address></Consignee_segment><Notify_segment><Code /><Name>PHU MIRAND-PLUS</Name><Address>BONDARY 25 16-050 MICHALOWO</Address></Notify_segment><Place_of_loading_segment><Code>NGTIN</Code></Place_of_loading_segment><Place_of_unloading_segment><Code>PLGDY</Code></Place_of_unloading_segment><Packages_segment><Package_type_code>PK</Package_type_code><Number_of_packages>3</Number_of_packages></Packages_segment><Goods_description>CHARCOAL</Goods_description><Freight_segment><Value /><Currency /><Indicator_segment><Code /></Indicator_segment></Freight_segment><Customs_segment><Value /><Currency /></Customs_segment><Transport_segment><Value /><Currency /></Transport_segment><Insurance_segment><Value /><Currency /></Insurance_segment><Seals_segment><Number_of_seals /><Marks_of_seals /><Sealing_party_code /></Seals_segment><Information_part_a /><Operations_segment><Location_segment><Code /><Information /></Location_segment></Operations_segment></Bol_specific_segment><Container><Reference>CAIU9296805</Reference><Number /><Type>40HC</Type><Empty_full /><Seals>EU21374885</Seals><Marks1 /><Marks2 /><Sealing_party /></Container><Container><Reference>MSMU8214643</Reference><Number /><Type>40HC</Type><Empty_full /><Seals>EU21374884</Seals><Marks1 /><Marks2 /><Sealing_party /></Container><Container><Reference>CAAU5608008</Reference><Number /><Type>40HC</Type><Empty_full /><Seals>EU21374882</Seals><Marks1 /><Marks2 /><Sealing_party /></Container></TWM_BOL>