﻿<?xml version="1.0" encoding="utf-8"?><TWM_BOL><Identification_segment><Registry_number>NY137R</Registry_number><Date>2021-09-20</Date><Bol_reference>MEDULG224982</Bol_reference><Customs_office_segment><Code>01TC</Code></Customs_office_segment></Identification_segment><Bol_specific_segment><Line_number>2</Line_number><Previous_document_reference /><Bol_Nature>22</Bol_Nature><Unique_carrier_reference /><Total_number_of_containers>1</Total_number_of_containers><Total_gross_mass_manifested>18216.00</Total_gross_mass_manifested><Volume_in_cubic_meters>0.01</Volume_in_cubic_meters><Bol_type_segment><Code>BL</Code></Bol_type_segment><Exporter_segment><Code /><Name>OLAM NIGERIA LTD</Name><Address>OPPOSITE FBN REGIONAL OFFICE IGANMU PLOT 5   6 ABEBE VILLAGE ROAD</Address></Exporter_segment><Consignee_segment><Code /><Name>TO ORDER</Name><Address></Address></Consignee_segment><Notify_segment><Code /><Name>BEKAS KFT</Name><Address>IPARTELEP U 1/B</Address></Notify_segment><Place_of_loading_segment><Code>NGTIN</Code></Place_of_loading_segment><Place_of_unloading_segment><Code>DEHAM</Code></Place_of_unloading_segment><Packages_segment><Package_type_code>BG</Package_type_code><Number_of_packages>720</Number_of_packages></Packages_segment><Goods_description>01X20FT CONTAINER SAID TO CONTAIN 720 BAGS OF HULLED SESAME SEEDS PRIMA GRADE GROSS WEIGHT:18.216 MTS NET WEIGHT:18.000 MTS LOT NO: SA 3021 03 21 NXP FORM NO: XG20210003335561</Goods_description><Freight_segment><Value /><Currency /><Indicator_segment><Code /></Indicator_segment></Freight_segment><Customs_segment><Value /><Currency /></Customs_segment><Transport_segment><Value /><Currency /></Transport_segment><Insurance_segment><Value /><Currency /></Insurance_segment><Seals_segment><Number_of_seals /><Marks_of_seals /><Sealing_party_code /></Seals_segment><Information_part_a /><Operations_segment><Location_segment><Code /><Information /></Location_segment></Operations_segment></Bol_specific_segment><Container><Reference>GLDU9423895</Reference><Number /><Type>20DV</Type><Empty_full /><Marks1 /><Marks2 /><Sealing_party /></Container></TWM_BOL>