﻿<?xml version="1.0" encoding="utf-8"?><TWM_BOL><Identification_segment><Registry_number>XA132A</Registry_number><Date>2021-08-18</Date><Bol_reference>MEDULC281374</Bol_reference><Customs_office_segment><Code>01TC</Code></Customs_office_segment></Identification_segment><Bol_specific_segment><Line_number>9</Line_number><Previous_document_reference /><Bol_Nature>23</Bol_Nature><Unique_carrier_reference /><Total_number_of_containers>2</Total_number_of_containers><Total_gross_mass_manifested>35448.00</Total_gross_mass_manifested><Volume_in_cubic_meters>0.01</Volume_in_cubic_meters><Bol_type_segment><Code>BL</Code></Bol_type_segment><Exporter_segment><Code /><Name>C.O.I.M. S.P.A.</Name><Address>CHIMICA ORGANICA INDUSTRIALE MILANESE Via Privata Fabrizio De Andre , 24</Address></Exporter_segment><Consignee_segment><Code /><Name>TO THE ORDER OF</Name><Address></Address></Consignee_segment><Notify_segment><Code /><Name>ABVEE INDUSTRIES LIMITED</Name><Address>KM 1 IJOKO ROAD</Address></Notify_segment><Place_of_loading_segment><Code>ITGOA</Code></Place_of_loading_segment><Place_of_unloading_segment><Code>NGTIN</Code></Place_of_unloading_segment><Packages_segment><Package_type_code>PE</Package_type_code><Number_of_packages>42</Number_of_packages></Packages_segment><Goods_description>(432  DRUMS) SOLVENT BASE ADHESIVE (NOVACOTE NC 250/70 A, CA 350, EX 8039 AND NC 250/70 A) AS PER PROFORMA  INVOICE NUMBER 2021A07035 DATED 10/05/2021 CFR APAPA SEAPORT, LAGOS</Goods_description><Freight_segment><Value /><Currency /><Indicator_segment><Code /></Indicator_segment></Freight_segment><Customs_segment><Value /><Currency /></Customs_segment><Transport_segment><Value /><Currency /></Transport_segment><Insurance_segment><Value /><Currency /></Insurance_segment><Seals_segment><Number_of_seals /><Marks_of_seals /><Sealing_party_code /></Seals_segment><Information_part_a /><Operations_segment><Location_segment><Code /><Information /></Location_segment></Operations_segment></Bol_specific_segment><Container><Reference>TCKU3107673</Reference><Number /><Type>20DV</Type><Empty_full /><Seals>074479</Seals><Marks1 /><Marks2 /><Sealing_party /></Container><Container><Reference>TGBU2670060</Reference><Number /><Type>20DV</Type><Empty_full /><Seals>072644</Seals><Marks1 /><Marks2 /><Sealing_party /></Container></TWM_BOL>