﻿<?xml version="1.0" encoding="utf-8"?><TWM_BOL><Identification_segment><Registry_number>NY137R</Registry_number><Date>2021-09-20</Date><Bol_reference>MEDULG241978</Bol_reference><Customs_office_segment><Code>01TC</Code></Customs_office_segment></Identification_segment><Bol_specific_segment><Line_number>5</Line_number><Previous_document_reference /><Bol_Nature>22</Bol_Nature><Unique_carrier_reference /><Total_number_of_containers>5</Total_number_of_containers><Total_gross_mass_manifested>113400.00</Total_gross_mass_manifested><Volume_in_cubic_meters>100.00</Volume_in_cubic_meters><Bol_type_segment><Code>BL</Code></Bol_type_segment><Exporter_segment><Code /><Name>OKOMU OIL PALM</Name><Address>38 MARINE ROAD</Address></Exporter_segment><Consignee_segment><Code /><Name>BRIDGESTONE STARGARD SP. Z.O.O.</Name><Address>UL. MOST KAMIENNY 7</Address></Consignee_segment><Notify_segment><Code /><Name>BRIDGESTONE STARGARD SP. Z.O.O.</Name><Address>UL. MOST KAMIENNY 7</Address></Notify_segment><Place_of_loading_segment><Code>NGTIN</Code></Place_of_loading_segment><Place_of_unloading_segment><Code>PLGDY</Code></Place_of_unloading_segment><Packages_segment><Package_type_code>BL</Package_type_code><Number_of_packages>3240</Number_of_packages></Packages_segment><Goods_description>NATURAL RUBBER 5 X20FT CONTAINER CONTAINING 3,240 BALES OF  TECHNICALLY SPECIFIED NATURAL RUBBER NOKO 10 Net Weight: 113.40MT Gross Weight: 113.40MT Contract Number: NOK21018A</Goods_description><Freight_segment><Value /><Currency /><Indicator_segment><Code /></Indicator_segment></Freight_segment><Customs_segment><Value /><Currency /></Customs_segment><Transport_segment><Value /><Currency /></Transport_segment><Insurance_segment><Value /><Currency /></Insurance_segment><Seals_segment><Number_of_seals /><Marks_of_seals /><Sealing_party_code /></Seals_segment><Information_part_a /><Operations_segment><Location_segment><Code /><Information /></Location_segment></Operations_segment></Bol_specific_segment><Container><Reference>BMOU2605564</Reference><Number /><Type>20DV</Type><Empty_full /><Seals>21373195</Seals><Marks1 /><Marks2 /><Sealing_party /></Container><Container><Reference>TEMU2126420</Reference><Number /><Type>20DV</Type><Empty_full /><Seals>21373196</Seals><Marks1 /><Marks2 /><Sealing_party /></Container><Container><Reference>MEDU3843207</Reference><Number /><Type>20DV</Type><Empty_full /><Seals>21372501</Seals><Marks1 /><Marks2 /><Sealing_party /></Container><Container><Reference>MEDU2967060</Reference><Number /><Type>20DV</Type><Empty_full /><Seals>21373096</Seals><Marks1 /><Marks2 /><Sealing_party /></Container><Container><Reference>TCLU2717940</Reference><Number /><Type>20DV</Type><Empty_full /><Seals>21373097</Seals><Marks1 /><Marks2 /><Sealing_party /></Container></TWM_BOL>