﻿<?xml version="1.0" encoding="utf-8"?><TWM_BOL><Identification_segment><Registry_number>XA132A</Registry_number><Date>2021-08-18</Date><Bol_reference>MEDULC273512</Bol_reference><Customs_office_segment><Code>01TC</Code></Customs_office_segment></Identification_segment><Bol_specific_segment><Line_number>2</Line_number><Previous_document_reference /><Bol_Nature>23</Bol_Nature><Unique_carrier_reference /><Total_number_of_containers>1</Total_number_of_containers><Total_gross_mass_manifested>26660.00</Total_gross_mass_manifested><Volume_in_cubic_meters>40.46</Volume_in_cubic_meters><Bol_type_segment><Code>BL</Code></Bol_type_segment><Exporter_segment><Code /><Name>POLYMED DISTRIBUTION FZE</Name><Address>ROOM NUMBER   2107, 21ST FLOOR JAFZA VIEW 18, JEBEL ALI FREE ZONE 17630</Address></Exporter_segment><Consignee_segment><Code /><Name>TO THE ORDER OF</Name><Address></Address></Consignee_segment><Notify_segment><Code /><Name>ABVEE INDUSTRIES LIMITED</Name><Address>KM 1 IJOKO ROAD</Address></Notify_segment><Place_of_loading_segment><Code>ITGOA</Code></Place_of_loading_segment><Place_of_unloading_segment><Code>NGTIN</Code></Place_of_unloading_segment><Packages_segment><Package_type_code>DR</Package_type_code><Number_of_packages>120</Number_of_packages></Packages_segment><Goods_description>LOADED INTO 1 40'CONTAINER(S) ADCOTE(TM) 775C 200 KG STEEL DRUM UN1866 RESIN SOLUTION, 3, II, (1.00  C C.C.), F-E, S-E, STOWAGE CATEGORY B NET WEIGHT :4800.0000 KG HS-NO 39079</Goods_description><Freight_segment><Value /><Currency /><Indicator_segment><Code /></Indicator_segment></Freight_segment><Customs_segment><Value /><Currency /></Customs_segment><Transport_segment><Value /><Currency /></Transport_segment><Insurance_segment><Value /><Currency /></Insurance_segment><Seals_segment><Number_of_seals /><Marks_of_seals /><Sealing_party_code /></Seals_segment><Information_part_a /><Operations_segment><Location_segment><Code /><Information /></Location_segment></Operations_segment></Bol_specific_segment><Container><Reference>FBLU0034359</Reference><Number /><Type>40HC</Type><Empty_full /><Seals>IT2022977</Seals><Marks1 /><Marks2 /><Sealing_party /></Container></TWM_BOL>