﻿<?xml version="1.0" encoding="utf-8"?><TWM_BOL><Identification_segment><Registry_number>XA132A</Registry_number><Date>2021-08-18</Date><Bol_reference>MEDUJ3441048</Bol_reference><Customs_office_segment><Code>01TC</Code></Customs_office_segment></Identification_segment><Bol_specific_segment><Line_number>7</Line_number><Previous_document_reference /><Bol_Nature>23</Bol_Nature><Unique_carrier_reference /><Total_number_of_containers>20</Total_number_of_containers><Total_gross_mass_manifested>402080.00</Total_gross_mass_manifested><Volume_in_cubic_meters>500.00</Volume_in_cubic_meters><Bol_type_segment><Code>BL</Code></Bol_type_segment><Exporter_segment><Code /><Name>SARLAX (ASIA) PTE LTD</Name><Address>15-02 INTERNATIONAL PLAZA #10, ANSON ROAD</Address></Exporter_segment><Consignee_segment><Code /><Name>TO THE ORDER OF</Name><Address></Address></Consignee_segment><Notify_segment><Code /><Name>DARAJU INDUSTRIES LIMITED</Name><Address>159 -161 LADIPO</Address></Notify_segment><Place_of_loading_segment><Code>IDBLW</Code></Place_of_loading_segment><Place_of_unloading_segment><Code>NGTIN</Code></Place_of_unloading_segment><Packages_segment><Package_type_code>BG</Package_type_code><Number_of_packages>16000</Number_of_packages></Packages_segment><Goods_description>CFR APAPA LAGOS NIGERIA SO DIUM SALT OF PALMITIC ACID FOR INDUSTRIAL USE ONLY A S PER PROFORMA INVOICE CAB AL/DIL/PF/040/2021 DATED 1 8/03/2021 LC NO. CMB202101 94U FORM M NO.</Goods_description><Freight_segment><Value /><Currency /><Indicator_segment><Code /></Indicator_segment></Freight_segment><Customs_segment><Value /><Currency /></Customs_segment><Transport_segment><Value /><Currency /></Transport_segment><Insurance_segment><Value /><Currency /></Insurance_segment><Seals_segment><Number_of_seals /><Marks_of_seals /><Sealing_party_code /></Seals_segment><Information_part_a /><Operations_segment><Location_segment><Code /><Information /></Location_segment></Operations_segment></Bol_specific_segment><Container><Reference>GLDU2182728</Reference><Number /><Type>20DV</Type><Empty_full /><Seals>FJ10859898</Seals><Marks1 /><Marks2 /><Sealing_party /></Container><Container><Reference>TTNU2140437</Reference><Number /><Type>20DV</Type><Empty_full /><Seals>FJ10859907</Seals><Marks1 /><Marks2 /><Sealing_party /></Container><Container><Reference>TRHU1561875</Reference><Number /><Type>20DV</Type><Empty_full /><Seals>FJ10859909</Seals><Marks1 /><Marks2 /><Sealing_party /></Container><Container><Reference>MEDU5045525</Reference><Number /><Type>20DV</Type><Empty_full /><Seals>FJ10859908</Seals><Marks1 /><Marks2 /><Sealing_party /></Container><Container><Reference>MEDU5847048</Reference><Number /><Type>20DV</Type><Empty_full /><Seals>FJ10859910</Seals><Marks1 /><Marks2 /><Sealing_party /></Container><Container><Reference>TEMU3572622</Reference><Number /><Type>20DV</Type><Empty_full /><Seals>FJ10859911</Seals><Marks1 /><Marks2 /><Sealing_party /></Container><Container><Reference>BMOU2610175</Reference><Number /><Type>20DV</Type><Empty_full /><Seals>FJ10859912</Seals><Marks1 /><Marks2 /><Sealing_party /></Container><Container><Reference>CAIU6143443</Reference><Number /><Type>20DV</Type><Empty_full /><Seals>FJ10859913</Seals><Marks1 /><Marks2 /><Sealing_party /></Container><Container><Reference>MEDU3380397</Reference><Number /><Type>20DV</Type><Empty_full /><Seals>FJ10859914</Seals><Marks1 /><Marks2 /><Sealing_party /></Container><Container><Reference>TRLU8801092</Reference><Number /><Type>20DV</Type><Empty_full /><Seals>FJ10859916</Seals><Marks1 /><Marks2 /><Sealing_party /></Container><Container><Reference>FSCU3765116</Reference><Number /><Type>20DV</Type><Empty_full /><Seals>FJ10859899</Seals><Marks1 /><Marks2 /><Sealing_party /></Container><Container><Reference>MEDU2303539</Reference><Number /><Type>20DV</Type><Empty_full /><Seals>FJ10859915</Seals><Marks1 /><Marks2 /><Sealing_party /></Container><Container><Reference>CXDU1456758</Reference><Number /><Type>20DV</Type><Empty_full /><Seals>FJ10859917</Seals><Marks1 /><Marks2 /><Sealing_party /></Container><Container><Reference>GLDU3951323</Reference><Number /><Type>20DV</Type><Empty_full /><Seals>FJ10859900</Seals><Marks1 /><Marks2 /><Sealing_party /></Container><Container><Reference>MEDU3875890</Reference><Number /><Type>20DV</Type><Empty_full /><Seals>FJ10859901</Seals><Marks1 /><Marks2 /><Sealing_party /></Container><Container><Reference>TCLU2725268</Reference><Number /><Type>20DV</Type><Empty_full /><Seals>FJ10859902</Seals><Marks1 /><Marks2 /><Sealing_party /></Container><Container><Reference>MEDU6117677</Reference><Number /><Type>20DV</Type><Empty_full /><Seals>FJ10859903</Seals><Marks1 /><Marks2 /><Sealing_party /></Container><Container><Reference>MEDU6265680</Reference><Number /><Type>20DV</Type><Empty_full /><Seals>FJ10859904</Seals><Marks1 /><Marks2 /><Sealing_party /></Container><Container><Reference>CAIU3823365</Reference><Number /><Type>20DV</Type><Empty_full /><Seals>FJ10859905</Seals><Marks1 /><Marks2 /><Sealing_party /></Container><Container><Reference>MEDU1172943</Reference><Number /><Type>20DV</Type><Empty_full /><Seals>FJ10859906</Seals><Marks1 /><Marks2 /><Sealing_party /></Container></TWM_BOL>