﻿<?xml version="1.0" encoding="utf-8"?><TWM_BOL><Identification_segment><Registry_number>XA132A</Registry_number><Date>2021-08-18</Date><Bol_reference>MEDUP9175340</Bol_reference><Customs_office_segment><Code>01TC</Code></Customs_office_segment></Identification_segment><Bol_specific_segment><Line_number>8</Line_number><Previous_document_reference /><Bol_Nature>23</Bol_Nature><Unique_carrier_reference /><Total_number_of_containers>11</Total_number_of_containers><Total_gross_mass_manifested>193270.00</Total_gross_mass_manifested><Volume_in_cubic_meters>362.67</Volume_in_cubic_meters><Bol_type_segment><Code>BL</Code></Bol_type_segment><Exporter_segment><Code /><Name>LOTTE CHEMICAL TITAN TRADING SDN.BH</Name><Address>PLO 312, JALAN TEMBAGA 4,</Address></Exporter_segment><Consignee_segment><Code /><Name>TO THE ORDER OF</Name><Address></Address></Consignee_segment><Notify_segment><Code /><Name>CELPLAS INDUSTRIES NIG LTD</Name><Address>INDUSTRIAL ESTATE MUSHIN 27A FATAI ATERE WAY, MATORI</Address></Notify_segment><Place_of_loading_segment><Code>MYPGU</Code></Place_of_loading_segment><Place_of_unloading_segment><Code>NGTIN</Code></Place_of_unloading_segment><Packages_segment><Package_type_code>BG</Package_type_code><Number_of_packages>7700</Number_of_packages></Packages_segment><Goods_description>HIGH DENSITY POLYETHYLENE GRADE HB5502</Goods_description><Freight_segment><Value /><Currency /><Indicator_segment><Code /></Indicator_segment></Freight_segment><Customs_segment><Value /><Currency /></Customs_segment><Transport_segment><Value /><Currency /></Transport_segment><Insurance_segment><Value /><Currency /></Insurance_segment><Seals_segment><Number_of_seals /><Marks_of_seals /><Sealing_party_code /></Seals_segment><Information_part_a /><Operations_segment><Location_segment><Code /><Information /></Location_segment></Operations_segment></Bol_specific_segment><Container><Reference>TGHU3653731</Reference><Number /><Type>20DV</Type><Empty_full /><Seals>FJ10602134</Seals><Marks1 /><Marks2 /><Sealing_party /></Container><Container><Reference>TGHU0843194</Reference><Number /><Type>20DV</Type><Empty_full /><Seals>FJ10602085</Seals><Marks1 /><Marks2 /><Sealing_party /></Container><Container><Reference>MEDU3006366</Reference><Number /><Type>20DV</Type><Empty_full /><Seals>FJ10602086</Seals><Marks1 /><Marks2 /><Sealing_party /></Container><Container><Reference>TCLU2070469</Reference><Number /><Type>20DV</Type><Empty_full /><Seals>FJ10602135</Seals><Marks1 /><Marks2 /><Sealing_party /></Container><Container><Reference>MEDU1914024</Reference><Number /><Type>20DV</Type><Empty_full /><Seals>FJ10602009</Seals><Marks1 /><Marks2 /><Sealing_party /></Container><Container><Reference>TEMU4632433</Reference><Number /><Type>20DV</Type><Empty_full /><Seals>FJ10602057</Seals><Marks1 /><Marks2 /><Sealing_party /></Container><Container><Reference>AMFU3228127</Reference><Number /><Type>20DV</Type><Empty_full /><Seals>FJ10602056</Seals><Marks1 /><Marks2 /><Sealing_party /></Container><Container><Reference>MEDU1910060</Reference><Number /><Type>20DV</Type><Empty_full /><Seals>FJ10602002</Seals><Marks1 /><Marks2 /><Sealing_party /></Container><Container><Reference>TGHU0153394</Reference><Number /><Type>20DV</Type><Empty_full /><Seals>FJ10602247</Seals><Marks1 /><Marks2 /><Sealing_party /></Container><Container><Reference>TRHU1263588</Reference><Number /><Type>20DV</Type><Empty_full /><Seals>FJ10602293</Seals><Marks1 /><Marks2 /><Sealing_party /></Container><Container><Reference>MSCU3300008</Reference><Number /><Type>20DV</Type><Empty_full /><Seals>FJ10602019</Seals><Marks1 /><Marks2 /><Sealing_party /></Container></TWM_BOL>