﻿<?xml version="1.0" encoding="utf-8"?><TWM_BOL><Identification_segment><Registry_number>XA132A</Registry_number><Date>2021-08-18</Date><Bol_reference>MEDUMQ078096</Bol_reference><Customs_office_segment><Code>01TC</Code></Customs_office_segment></Identification_segment><Bol_specific_segment><Line_number>10</Line_number><Previous_document_reference /><Bol_Nature>23</Bol_Nature><Unique_carrier_reference /><Total_number_of_containers>3</Total_number_of_containers><Total_gross_mass_manifested>78660.00</Total_gross_mass_manifested><Volume_in_cubic_meters>35.00</Volume_in_cubic_meters><Bol_type_segment><Code>BL</Code></Bol_type_segment><Exporter_segment><Code /><Name>GODAVARI BIOREFINERIES LIMITED</Name><Address>FAZALBHOY BUILDING, SOMAIYA BHAVAN,45/47, MAHATMA GANDHI ROAD, FORT</Address></Exporter_segment><Consignee_segment><Code /><Name>UNIGROW INDUSTRIES LIMITED</Name><Address>2ND FLOOR 8/10 ILUPEJU BYE PASS</Address></Consignee_segment><Notify_segment><Code /><Name>UNIGROW INDUSTRIES LIMITED</Name><Address>2ND FLOOR 8/10 ILUPEJU BYE PASS</Address></Notify_segment><Place_of_loading_segment><Code>INNSA</Code></Place_of_loading_segment><Place_of_unloading_segment><Code>NGTIN</Code></Place_of_unloading_segment><Packages_segment><Package_type_code>DR</Package_type_code><Number_of_packages>360</Number_of_packages></Packages_segment><Shipping_marks>PRODUCT NAME : ET HYL ACETATE NET W EIGHT : 210.00 KG S. GROSS WEIGHT : 218.50 KGS. MANU FACTURING DATE : 28.06.2021 EXPIRY DATE : 27.06.202 2 BATCH/LOT NO. : 051/20210629 COU NTRY OF ORIGIN : INDIA MANUFACTURE NAME :M/S. GODAV ARI BIOREFINERIES LTD. SOMAIYA BHA VAN, 45/47 MAHATM A  GANDHI ROAD FO RT, MUMBAI 400 00 1, INDIA PHONE NO : (91-22) 22048</Shipping_marks><Goods_description>3 X 40' FCL CONTAINRR 360 NOS OF NEW  HDPE DRUMS EAC H CONTAINING 210 KGS NET M ATERIAL. ETHYL ACETATE For m M No: MF 20210086588 BA 221 2021 0003520 IMCO CLAS SIFICATION IMCO</Goods_description><Freight_segment><Value /><Currency /><Indicator_segment><Code /></Indicator_segment></Freight_segment><Customs_segment><Value /><Currency /></Customs_segment><Transport_segment><Value /><Currency /></Transport_segment><Insurance_segment><Value /><Currency /></Insurance_segment><Seals_segment><Number_of_seals /><Marks_of_seals /><Sealing_party_code /></Seals_segment><Information_part_a /><Operations_segment><Location_segment><Code /><Information /></Location_segment></Operations_segment></Bol_specific_segment><Container><Reference>MEDU8491855</Reference><Number /><Type>40HC</Type><Empty_full /><Seals>2946876</Seals><Marks1 /><Marks2 /><Sealing_party /></Container><Container><Reference>MEDU7125194</Reference><Number /><Type>40HC</Type><Empty_full /><Seals>2946877</Seals><Marks1 /><Marks2 /><Sealing_party /></Container><Container><Reference>MEDU7648913</Reference><Number /><Type>40HC</Type><Empty_full /><Seals>2946875</Seals><Marks1 /><Marks2 /><Sealing_party /></Container></TWM_BOL>