﻿<?xml version="1.0" encoding="utf-8"?><TWM_BOL><Identification_segment><Registry_number>XA132A</Registry_number><Date>2021-08-18</Date><Bol_reference>MEDUG4686911</Bol_reference><Customs_office_segment><Code>01TC</Code></Customs_office_segment></Identification_segment><Bol_specific_segment><Line_number>1</Line_number><Previous_document_reference /><Bol_Nature>23</Bol_Nature><Unique_carrier_reference /><Total_number_of_containers>2</Total_number_of_containers><Total_gross_mass_manifested>46196.18</Total_gross_mass_manifested><Volume_in_cubic_meters>92.00</Volume_in_cubic_meters><Bol_type_segment><Code>BL</Code></Bol_type_segment><Exporter_segment><Code /><Name>CAPRI SUN AG</Name><Address>NAUGASSE 22</Address></Exporter_segment><Consignee_segment><Code /><Name>TO THE ORDER OF</Name><Address></Address></Consignee_segment><Notify_segment><Code /><Name>CHI LIMITED</Name><Address>NO 14 CHIVITA AVENUE</Address></Notify_segment><Place_of_loading_segment><Code>BEANR</Code></Place_of_loading_segment><Place_of_unloading_segment><Code>NGTIN</Code></Place_of_unloading_segment><Packages_segment><Package_type_code>PK</Package_type_code><Number_of_packages>3486</Number_of_packages></Packages_segment><Goods_description>+CAPRI SUN FLAVOUR +PFI NO.: 91165106 +PFI DATE: 27-JAN-2021 +INCOTERM: CFR, APAPA SEAPORT, LAGOS, NIGERIA LC NUMBER 5066602143 AND FORM M NO MF20210027373 BA 023 20210000693</Goods_description><Freight_segment><Value /><Currency /><Indicator_segment><Code /></Indicator_segment></Freight_segment><Customs_segment><Value /><Currency /></Customs_segment><Transport_segment><Value /><Currency /></Transport_segment><Insurance_segment><Value /><Currency /></Insurance_segment><Seals_segment><Number_of_seals /><Marks_of_seals /><Sealing_party_code /></Seals_segment><Information_part_a /><Operations_segment><Location_segment><Code /><Information /></Location_segment></Operations_segment></Bol_specific_segment><Container><Reference>TGBU9756648</Reference><Number /><Type>40HC</Type><Empty_full /><Seals>GW282950</Seals><Marks1 /><Marks2 /><Sealing_party /></Container><Container><Reference>MEDU7987584</Reference><Number /><Type>40HC</Type><Empty_full /><Seals>GW282899</Seals><Marks1 /><Marks2 /><Sealing_party /></Container></TWM_BOL>