﻿<?xml version="1.0" encoding="utf-8"?><TWM_BOL><Identification_segment><Registry_number>XA132A</Registry_number><Date>2021-08-18</Date><Bol_reference>MEDUMQ100429</Bol_reference><Customs_office_segment><Code>01TC</Code></Customs_office_segment></Identification_segment><Bol_specific_segment><Line_number>11</Line_number><Previous_document_reference /><Bol_Nature>23</Bol_Nature><Unique_carrier_reference /><Total_number_of_containers>2</Total_number_of_containers><Total_gross_mass_manifested>55075.51</Total_gross_mass_manifested><Volume_in_cubic_meters>108.00</Volume_in_cubic_meters><Bol_type_segment><Code>BL</Code></Bol_type_segment><Exporter_segment><Code /><Name>TETRA PAK INDIA PVT LIMITED</Name><Address>MIDC, PHASE-II, PLOT NO. B-53, CHAKAN KHED,</Address></Exporter_segment><Consignee_segment><Code /><Name>TO THE ORDER OF</Name><Address></Address></Consignee_segment><Notify_segment><Code /><Name>CHI LIMITED</Name><Address>NO 14 CHIVITA AVENUE</Address></Notify_segment><Place_of_loading_segment><Code>INNSA</Code></Place_of_loading_segment><Place_of_unloading_segment><Code>NGTIN</Code></Place_of_unloading_segment><Packages_segment><Package_type_code>PE</Package_type_code><Number_of_packages>60</Number_of_packages></Packages_segment><Goods_description>PACKAGING MATERIAL: TETRA BRIK ASEPTIC AS PER PROFOR MA INVOICE NUMBER 20550038 59 DATED 18/05/2021 APAPA SEAPORT, LAGOS, NIGERIA. L C NUMBER: CMB20210263CL, F ORM M NUMBER (M</Goods_description><Freight_segment><Value /><Currency /><Indicator_segment><Code /></Indicator_segment></Freight_segment><Customs_segment><Value /><Currency /></Customs_segment><Transport_segment><Value /><Currency /></Transport_segment><Insurance_segment><Value /><Currency /></Insurance_segment><Seals_segment><Number_of_seals /><Marks_of_seals /><Sealing_party_code /></Seals_segment><Information_part_a /><Operations_segment><Location_segment><Code /><Information /></Location_segment></Operations_segment></Bol_specific_segment><Container><Reference>MSMU7315388</Reference><Number /><Type>40HC</Type><Empty_full /><Seals>FJ11580136</Seals><Marks1 /><Marks2 /><Sealing_party /></Container><Container><Reference>MSMU7504545</Reference><Number /><Type>40HC</Type><Empty_full /><Seals>FJ11580138</Seals><Marks1 /><Marks2 /><Sealing_party /></Container></TWM_BOL>