﻿<?xml version="1.0" encoding="utf-8"?><TWM_Manifest><Identification_segment><Registry_number>XA125A</Registry_number><Date>2021-05-11</Date><Customs_office_segment><Code>01AP</Code></Customs_office_segment></Identification_segment><General_segment><Master_information></Master_information><Last_discharge>2021-05-12</Last_discharge><Arrival_segment><Date_of_arrival>2021-05-12</Date_of_arrival><Time_of_arrival>21:00:00</Time_of_arrival></Arrival_segment><Departure_segment><Code>NGTIN</Code></Departure_segment><Destination_segment><Code>NGAPP</Code></Destination_segment><Carrier_segment><Code>MSC</Code><Name>MEDITERRANEAN SHIPPING CO NIG LTD</Name><Address></Address></Carrier_segment><Transport_segment><Name_of_transporter>MSC GABRIELLA</Name_of_transporter><Place_of_transporter></Place_of_transporter><Mode_of_transport_segment><Code>1</Code></Mode_of_transport_segment><Nationality_of_transport_segment><Code>PA</Code></Nationality_of_transport_segment><Transporter_registration_segment><Registration_number></Registration_number><Registration_date></Registration_date></Transporter_registration_segment></Transport_segment><Tonnage_segment><Gross_tonnage /><Net_tonnage></Net_tonnage></Tonnage_segment></General_segment></TWM_Manifest>